,product_name,username,rating,sentiment_label,sentiment_score,comment
61,KOPI TORAJA BLEND ARABIKA ROBUSTA 50 50 BIJI SANGRAI ATAU BUBUK HARUM,n81wo4_o1l,1,negative,-0.9966978486045264,Kemasannya gak aman!!!!
435,Kopi Arabika Toraja Gandangbatu Arabika Espresso Based kemasan baru 200 gram,ade_st0re,1,negative,-0.9228922389447688,"Pertama kali belanja arabica merk ini, ditoko ini. Mau order biji tapi ntah kenapa bisa berubah giling kasar, mana gak bisa dibalikin, tapi gak apa². Setelah coba arabica merk ini lambungnya nya perih."
358,Kopi Arabika Toraja Benteng Kado Phiter Tulak 200 gram Kopi Terbaik Indonesia 2016 versi AEKI,chaiyin,5,negative,-0.9921924674417824,Pengirman nya ckp lama
345,Kopi Arabika Toraja Benteng Kado Phiter Tulak 1kg,allingonly,5,negative,-0.9798588841222228,kopi yg rasanya tidak ada samanya
651,Kopi Arabika Toraja Perindingan 1kg Bubuk atau Biji Specialty Coffee,s*****i,5,negative,-0.9229638054966928,"13 hari menunggu...
Beli kopi untuk liburan, hmmm... Libur natal dah lewat, baru sampai..
Pembelian sebelum2nya ngga selama ini pengirimannya. Smg menjadikan periksa.
Mkcih"
59,KOPI TORAJA BLEND ARABIKA ROBUSTA 50 50 BIJI SANGRAI ATAU BUBUK HARUM,situkangco,4,neutral,0.1240683658979833,Nanti di update lagi reviewnya klo sudah dicoba kak
415,Kopi Arabika Toraja Gandangbatu Arabika Espresso Based kemasan baru 200 gram,h*****e,5,neutral,-0.3804215546697378,Kopinya harus sllu beli dsni. Cmn spx aja yg lambat kiirmnya. Dimakassar mutar2 4 hri bru smpai kebone
39,KOPI TORAJA BLEND ARABIKA ROBUSTA 50 50 BIJI SANGRAI ATAU BUBUK HARUM,melisa280591,5,neutral,-0.1782258686143905,Maaf belum bisa coba karena kurirnya salah kirim tempat. Padahal alamatnya sudah benar.
38,KOPI TORAJA BLEND ARABIKA ROBUSTA 50 50 BIJI SANGRAI ATAU BUBUK HARUM,a*****s,5,neutral,-0.0151193370111286,Maaf ndk sesuai sm foto soalnya udh di bawa buat oleh2
15,KOPI TORAJA BLEND ARABIKA ROBUSTA 50 50 BIJI SANGRAI ATAU BUBUK HARUM,muhhasrul29,5,neutral,0.031081800814718,Baru mau coba 🤭
34,KOPI TORAJA BLEND ARABIKA ROBUSTA 50 50 BIJI SANGRAI ATAU BUBUK HARUM,raniedaru,5,neutral,0.1163165885955095,Packing top bisa langsung kirim jkt
7,KOPI TORAJA BLEND ARABIKA ROBUSTA 50 50 BIJI SANGRAI ATAU BUBUK HARUM,a*****i,5,neutral,0.2237800816074013,Barang sudah kami terima dalam keadaan baik dan sesuai dengan pesanan. Terimakasih.
429,Kopi Arabika Toraja Gandangbatu Arabika Espresso Based kemasan baru 200 gram,e*****a,5,neutral,0.2365381559357047,"Barang pesanan saya, tiba dengan baik dan jumlah juga sesuai pesanan. Trims."
438,Kopi Arabika Toraja Gandangbatu Arabika Espresso Based kemasan baru 200 gram,mhusenali,5,neutral,0.3884618924930691,Terima kasih barangnya sudah sampai 👍
102,KOPI TORAJA BLEND ARABIKA ROBUSTA 50 50 BIJI SANGRAI ATAU BUBUK HARUM,helmi.co,2,positive,0.9272624822333456,
62,KOPI TORAJA BLEND ARABIKA ROBUSTA 50 50 BIJI SANGRAI ATAU BUBUK HARUM,acho08,3,positive,0.927262356504798,
332,KOPI TORAJA BLEND ARABIKA ROBUSTA 50 50 BIJI SANGRAI ATAU BUBUK HARUM,juliandarien,3,positive,0.927262356504798,
140,KOPI TORAJA BLEND ARABIKA ROBUSTA 50 50 BIJI SANGRAI ATAU BUBUK HARUM,mabajicell,3,positive,0.9272624822333456,
244,KOPI TORAJA BLEND ARABIKA ROBUSTA 50 50 BIJI SANGRAI ATAU BUBUK HARUM,odesekal1,3,positive,0.9272624822333456,
636,Kopi Arabika Toraja Gandangbatu Arabika Espresso Based kemasan baru 200 gram,prayuda_adi,3,positive,0.9272624822333456,
161,KOPI TORAJA BLEND ARABIKA ROBUSTA 50 50 BIJI SANGRAI ATAU BUBUK HARUM,echa.021,3,positive,0.9272624887526036,
189,KOPI TORAJA BLEND ARABIKA ROBUSTA 50 50 BIJI SANGRAI ATAU BUBUK HARUM,ikeputwaningtyas,3,positive,0.9272624887526036,
511,Kopi Arabika Toraja Gandangbatu Arabika Espresso Based kemasan baru 200 gram,misdar_amdah,4,positive,0.9272623490542172,
63,KOPI TORAJA BLEND ARABIKA ROBUSTA 50 50 BIJI SANGRAI ATAU BUBUK HARUM,armaamirhamzah288,4,positive,0.927262356504798,
74,KOPI TORAJA BLEND ARABIKA ROBUSTA 50 50 BIJI SANGRAI ATAU BUBUK HARUM,j*****k,4,positive,0.927262356504798,
324,KOPI TORAJA BLEND ARABIKA ROBUSTA 50 50 BIJI SANGRAI ATAU BUBUK HARUM,mashlahatul_ummah,4,positive,0.927262356504798,
325,KOPI TORAJA BLEND ARABIKA ROBUSTA 50 50 BIJI SANGRAI ATAU BUBUK HARUM,richardhall098,4,positive,0.927262356504798,
326,KOPI TORAJA BLEND ARABIKA ROBUSTA 50 50 BIJI SANGRAI ATAU BUBUK HARUM,v5e8bwzwhw,4,positive,0.927262356504798,
327,KOPI TORAJA BLEND ARABIKA ROBUSTA 50 50 BIJI SANGRAI ATAU BUBUK HARUM,ardiansyah300998,4,positive,0.927262356504798,
328,KOPI TORAJA BLEND ARABIKA ROBUSTA 50 50 BIJI SANGRAI ATAU BUBUK HARUM,oliyahh_,4,positive,0.927262356504798,
329,KOPI TORAJA BLEND ARABIKA ROBUSTA 50 50 BIJI SANGRAI ATAU BUBUK HARUM,arifinelsharawy,4,positive,0.927262356504798,
330,KOPI TORAJA BLEND ARABIKA ROBUSTA 50 50 BIJI SANGRAI ATAU BUBUK HARUM,niammubarok164,4,positive,0.927262356504798,
331,KOPI TORAJA BLEND ARABIKA ROBUSTA 50 50 BIJI SANGRAI ATAU BUBUK HARUM,agastya__,4,positive,0.927262356504798,
367,Kopi Arabika Toraja Benteng Kado Phiter Tulak 200 gram Kopi Terbaik Indonesia 2016 versi AEKI,pabasikumbang,4,positive,0.927262356504798,
433,Kopi Arabika Toraja Gandangbatu Arabika Espresso Based kemasan baru 200 gram,nuzhulmuadiy,4,positive,0.927262356504798,
434,Kopi Arabika Toraja Gandangbatu Arabika Espresso Based kemasan baru 200 gram,muhasri143,4,positive,0.927262356504798,
440,Kopi Arabika Toraja Gandangbatu Arabika Espresso Based kemasan baru 200 gram,kkyazid,4,positive,0.927262356504798,
662,Kopi Arabika Toraja Perindingan 1kg Bubuk atau Biji Specialty Coffee,arland06,4,positive,0.927262356504798,
100,KOPI TORAJA BLEND ARABIKA ROBUSTA 50 50 BIJI SANGRAI ATAU BUBUK HARUM,nirmalaridayani,4,positive,0.9272624822333456,
160,KOPI TORAJA BLEND ARABIKA ROBUSTA 50 50 BIJI SANGRAI ATAU BUBUK HARUM,muh.agusalem,4,positive,0.9272624822333456,
222,KOPI TORAJA BLEND ARABIKA ROBUSTA 50 50 BIJI SANGRAI ATAU BUBUK HARUM,attojhie,4,positive,0.9272624822333456,
240,KOPI TORAJA BLEND ARABIKA ROBUSTA 50 50 BIJI SANGRAI ATAU BUBUK HARUM,tifita,4,positive,0.9272624822333456,
452,Kopi Arabika Toraja Gandangbatu Arabika Espresso Based kemasan baru 200 gram,riswan_nas,4,positive,0.9272624822333456,
522,Kopi Arabika Toraja Gandangbatu Arabika Espresso Based kemasan baru 200 gram,arland06,4,positive,0.9272624822333456,
576,Kopi Arabika Toraja Gandangbatu Arabika Espresso Based kemasan baru 200 gram,risnha_inna,4,positive,0.9272624822333456,
634,Kopi Arabika Toraja Gandangbatu Arabika Espresso Based kemasan baru 200 gram,rensirensikartini,4,positive,0.9272624822333456,
101,KOPI TORAJA BLEND ARABIKA ROBUSTA 50 50 BIJI SANGRAI ATAU BUBUK HARUM,shuldipancamulia,4,positive,0.9272624887526036,
187,KOPI TORAJA BLEND ARABIKA ROBUSTA 50 50 BIJI SANGRAI ATAU BUBUK HARUM,nila_khanisa,4,positive,0.9272624887526036,
451,Kopi Arabika Toraja Gandangbatu Arabika Espresso Based kemasan baru 200 gram,junock,4,positive,0.9272624887526036,
531,Kopi Arabika Toraja Gandangbatu Arabika Espresso Based kemasan baru 200 gram,andifebriantorian,4,positive,0.9272624887526036,
633,Kopi Arabika Toraja Gandangbatu Arabika Espresso Based kemasan baru 200 gram,faridaanggie,4,positive,0.9272624887526036,
635,Kopi Arabika Toraja Gandangbatu Arabika Espresso Based kemasan baru 200 gram,han210321,4,positive,0.9272624887526036,
51,KOPI TORAJA BLEND ARABIKA ROBUSTA 50 50 BIJI SANGRAI ATAU BUBUK HARUM,paex03,4,positive,0.9943650463828816,Ahirnya kopi yang di tunggu2 datang juga semoga enak rasanya
22,KOPI TORAJA BLEND ARABIKA ROBUSTA 50 50 BIJI SANGRAI ATAU BUBUK HARUM,ariefrachmatfirmansyah,4,positive,0.9961341622984036,"Langsung seduh rasanya enak, after taste rasa nutty & coklat. Body kental, acid rendah ga langsung kembung di perut saya yang sensitif.
Dijadikan kopsu pake krimer nestle lumayan, pake krimer elenka lebih enak, & pake susu full cream anget enak banget.
Rasanya lebih kuat ke Robust, tapi untuk harga segitu worthed banget."
13,KOPI TORAJA BLEND ARABIKA ROBUSTA 50 50 BIJI SANGRAI ATAU BUBUK HARUM,noranovedhutasoit,5,positive,0.396310806274414,"Baru nyampe (jauh bgt ya dari Makassar ke Tangerang 😂), secara packaging sih ok"
67,KOPI TORAJA BLEND ARABIKA ROBUSTA 50 50 BIJI SANGRAI ATAU BUBUK HARUM,watiulla,5,positive,0.6639045514166355,Alhamdulillah sesuai dgn pesanan. Andaikan ada yg kemasan besarx 👍.
409,Kopi Arabika Toraja Gandangbatu Arabika Espresso Based kemasan baru 200 gram,h*****9,5,positive,0.9253753433004022,Mantuuulllllllllll😎
127,KOPI TORAJA BLEND ARABIKA ROBUSTA 50 50 BIJI SANGRAI ATAU BUBUK HARUM,andiraizel313,5,positive,0.9272623490542172,
159,KOPI TORAJA BLEND ARABIKA ROBUSTA 50 50 BIJI SANGRAI ATAU BUBUK HARUM,richardhall098,5,positive,0.9272623490542172,
191,KOPI TORAJA BLEND ARABIKA ROBUSTA 50 50 BIJI SANGRAI ATAU BUBUK HARUM,hapsah020877_,5,positive,0.9272623490542172,
223,KOPI TORAJA BLEND ARABIKA ROBUSTA 50 50 BIJI SANGRAI ATAU BUBUK HARUM,s*****.,5,positive,0.9272623490542172,
255,KOPI TORAJA BLEND ARABIKA ROBUSTA 50 50 BIJI SANGRAI ATAU BUBUK HARUM,dexultimate871,5,positive,0.9272623490542172,
287,KOPI TORAJA BLEND ARABIKA ROBUSTA 50 50 BIJI SANGRAI ATAU BUBUK HARUM,bayu_99.,5,positive,0.9272623490542172,
319,KOPI TORAJA BLEND ARABIKA ROBUSTA 50 50 BIJI SANGRAI ATAU BUBUK HARUM,aldymaslow,5,positive,0.9272623490542172,
479,Kopi Arabika Toraja Gandangbatu Arabika Espresso Based kemasan baru 200 gram,icha09juni,5,positive,0.9272623490542172,
543,Kopi Arabika Toraja Gandangbatu Arabika Espresso Based kemasan baru 200 gram,ilhotubagusdserang,5,positive,0.9272623490542172,
575,Kopi Arabika Toraja Gandangbatu Arabika Espresso Based kemasan baru 200 gram,m*****3,5,positive,0.9272623490542172,
607,Kopi Arabika Toraja Gandangbatu Arabika Espresso Based kemasan baru 200 gram,a*****s,5,positive,0.9272623490542172,
639,Kopi Arabika Toraja Peaberry kemasan 200 gram,andiagustiawan51,5,positive,0.9272623490542172,
0,Gilingan Kopi Manual Grinder Coffee,melisa280591,5,positive,0.927262356504798,
1,Gilingan Kopi Manual Grinder Coffee,abah.muda,5,positive,0.927262356504798,
2,Gilingan Kopi Manual Grinder Coffee,malikmuz_,5,positive,0.927262356504798,
16,KOPI TORAJA BLEND ARABIKA ROBUSTA 50 50 BIJI SANGRAI ATAU BUBUK HARUM,muhbintangnurr,5,positive,0.927262356504798,
17,KOPI TORAJA BLEND ARABIKA ROBUSTA 50 50 BIJI SANGRAI ATAU BUBUK HARUM,z4mabada,5,positive,0.927262356504798,
18,KOPI TORAJA BLEND ARABIKA ROBUSTA 50 50 BIJI SANGRAI ATAU BUBUK HARUM,sparepartacmobilmakassar89,5,positive,0.927262356504798,
20,KOPI TORAJA BLEND ARABIKA ROBUSTA 50 50 BIJI SANGRAI ATAU BUBUK HARUM,albatrosjek,5,positive,0.927262356504798,
21,KOPI TORAJA BLEND ARABIKA ROBUSTA 50 50 BIJI SANGRAI ATAU BUBUK HARUM,davidsjioen,5,positive,0.927262356504798,
23,KOPI TORAJA BLEND ARABIKA ROBUSTA 50 50 BIJI SANGRAI ATAU BUBUK HARUM,rafashahk,5,positive,0.927262356504798,
24,KOPI TORAJA BLEND ARABIKA ROBUSTA 50 50 BIJI SANGRAI ATAU BUBUK HARUM,d*****h,5,positive,0.927262356504798,
25,KOPI TORAJA BLEND ARABIKA ROBUSTA 50 50 BIJI SANGRAI ATAU BUBUK HARUM,azzamisan,5,positive,0.927262356504798,
27,KOPI TORAJA BLEND ARABIKA ROBUSTA 50 50 BIJI SANGRAI ATAU BUBUK HARUM,l*****k,5,positive,0.927262356504798,
29,KOPI TORAJA BLEND ARABIKA ROBUSTA 50 50 BIJI SANGRAI ATAU BUBUK HARUM,dankcie90,5,positive,0.927262356504798,
31,KOPI TORAJA BLEND ARABIKA ROBUSTA 50 50 BIJI SANGRAI ATAU BUBUK HARUM,dianrudi1508,5,positive,0.927262356504798,
32,KOPI TORAJA BLEND ARABIKA ROBUSTA 50 50 BIJI SANGRAI ATAU BUBUK HARUM,hairanirani1234,5,positive,0.927262356504798,
33,KOPI TORAJA BLEND ARABIKA ROBUSTA 50 50 BIJI SANGRAI ATAU BUBUK HARUM,adnananwar85,5,positive,0.927262356504798,
36,KOPI TORAJA BLEND ARABIKA ROBUSTA 50 50 BIJI SANGRAI ATAU BUBUK HARUM,fauziabdillah18,5,positive,0.927262356504798,
42,KOPI TORAJA BLEND ARABIKA ROBUSTA 50 50 BIJI SANGRAI ATAU BUBUK HARUM,bysi965bbu,5,positive,0.927262356504798,
44,KOPI TORAJA BLEND ARABIKA ROBUSTA 50 50 BIJI SANGRAI ATAU BUBUK HARUM,ninjahatori315,5,positive,0.927262356504798,
45,KOPI TORAJA BLEND ARABIKA ROBUSTA 50 50 BIJI SANGRAI ATAU BUBUK HARUM,sandy.wardhana,5,positive,0.927262356504798,
46,KOPI TORAJA BLEND ARABIKA ROBUSTA 50 50 BIJI SANGRAI ATAU BUBUK HARUM,sugasetro72,5,positive,0.927262356504798,
47,KOPI TORAJA BLEND ARABIKA ROBUSTA 50 50 BIJI SANGRAI ATAU BUBUK HARUM,adell51,5,positive,0.927262356504798,
48,KOPI TORAJA BLEND ARABIKA ROBUSTA 50 50 BIJI SANGRAI ATAU BUBUK HARUM,ninjahatori315,5,positive,0.927262356504798,
52,KOPI TORAJA BLEND ARABIKA ROBUSTA 50 50 BIJI SANGRAI ATAU BUBUK HARUM,ninjahatori315,5,positive,0.927262356504798,
53,KOPI TORAJA BLEND ARABIKA ROBUSTA 50 50 BIJI SANGRAI ATAU BUBUK HARUM,amri20,5,positive,0.927262356504798,
55,KOPI TORAJA BLEND ARABIKA ROBUSTA 50 50 BIJI SANGRAI ATAU BUBUK HARUM,m*****1,5,positive,0.927262356504798,
65,KOPI TORAJA BLEND ARABIKA ROBUSTA 50 50 BIJI SANGRAI ATAU BUBUK HARUM,rifaldiawaluddin768,5,positive,0.927262356504798,
66,KOPI TORAJA BLEND ARABIKA ROBUSTA 50 50 BIJI SANGRAI ATAU BUBUK HARUM,a*****0,5,positive,0.927262356504798,
68,KOPI TORAJA BLEND ARABIKA ROBUSTA 50 50 BIJI SANGRAI ATAU BUBUK HARUM,asdianti24,5,positive,0.927262356504798,
69,KOPI TORAJA BLEND ARABIKA ROBUSTA 50 50 BIJI SANGRAI ATAU BUBUK HARUM,n*****4,5,positive,0.927262356504798,
70,KOPI TORAJA BLEND ARABIKA ROBUSTA 50 50 BIJI SANGRAI ATAU BUBUK HARUM,n*****4,5,positive,0.927262356504798,
71,KOPI TORAJA BLEND ARABIKA ROBUSTA 50 50 BIJI SANGRAI ATAU BUBUK HARUM,n*****f,5,positive,0.927262356504798,
72,KOPI TORAJA BLEND ARABIKA ROBUSTA 50 50 BIJI SANGRAI ATAU BUBUK HARUM,dodyk_ir,5,positive,0.927262356504798,
73,KOPI TORAJA BLEND ARABIKA ROBUSTA 50 50 BIJI SANGRAI ATAU BUBUK HARUM,_*****a,5,positive,0.927262356504798,
75,KOPI TORAJA BLEND ARABIKA ROBUSTA 50 50 BIJI SANGRAI ATAU BUBUK HARUM,harnengsih2207,5,positive,0.927262356504798,
76,KOPI TORAJA BLEND ARABIKA ROBUSTA 50 50 BIJI SANGRAI ATAU BUBUK HARUM,andi_ayushar25,5,positive,0.927262356504798,
77,KOPI TORAJA BLEND ARABIKA ROBUSTA 50 50 BIJI SANGRAI ATAU BUBUK HARUM,astroubot,5,positive,0.927262356504798,
78,KOPI TORAJA BLEND ARABIKA ROBUSTA 50 50 BIJI SANGRAI ATAU BUBUK HARUM,adicakramusi,5,positive,0.927262356504798,
79,KOPI TORAJA BLEND ARABIKA ROBUSTA 50 50 BIJI SANGRAI ATAU BUBUK HARUM,ikaratmawati,5,positive,0.927262356504798,
80,KOPI TORAJA BLEND ARABIKA ROBUSTA 50 50 BIJI SANGRAI ATAU BUBUK HARUM,ikaratmawati,5,positive,0.927262356504798,
81,KOPI TORAJA BLEND ARABIKA ROBUSTA 50 50 BIJI SANGRAI ATAU BUBUK HARUM,confettifashionofficial,5,positive,0.927262356504798,
82,KOPI TORAJA BLEND ARABIKA ROBUSTA 50 50 BIJI SANGRAI ATAU BUBUK HARUM,galuh_muti15,5,positive,0.927262356504798,
83,KOPI TORAJA BLEND ARABIKA ROBUSTA 50 50 BIJI SANGRAI ATAU BUBUK HARUM,akohar90,5,positive,0.927262356504798,
84,KOPI TORAJA BLEND ARABIKA ROBUSTA 50 50 BIJI SANGRAI ATAU BUBUK HARUM,marwahjamaluddin,5,positive,0.927262356504798,
85,KOPI TORAJA BLEND ARABIKA ROBUSTA 50 50 BIJI SANGRAI ATAU BUBUK HARUM,yusuft28,5,positive,0.927262356504798,
86,KOPI TORAJA BLEND ARABIKA ROBUSTA 50 50 BIJI SANGRAI ATAU BUBUK HARUM,rasuldj,5,positive,0.927262356504798,
87,KOPI TORAJA BLEND ARABIKA ROBUSTA 50 50 BIJI SANGRAI ATAU BUBUK HARUM,khanza_yasna,5,positive,0.927262356504798,
88,KOPI TORAJA BLEND ARABIKA ROBUSTA 50 50 BIJI SANGRAI ATAU BUBUK HARUM,pecintad4kwah,5,positive,0.927262356504798,
89,KOPI TORAJA BLEND ARABIKA ROBUSTA 50 50 BIJI SANGRAI ATAU BUBUK HARUM,acincart,5,positive,0.927262356504798,
90,KOPI TORAJA BLEND ARABIKA ROBUSTA 50 50 BIJI SANGRAI ATAU BUBUK HARUM,teuku_fikri24,5,positive,0.927262356504798,
91,KOPI TORAJA BLEND ARABIKA ROBUSTA 50 50 BIJI SANGRAI ATAU BUBUK HARUM,riskhania21,5,positive,0.927262356504798,
92,KOPI TORAJA BLEND ARABIKA ROBUSTA 50 50 BIJI SANGRAI ATAU BUBUK HARUM,degasrafditya,5,positive,0.927262356504798,
93,KOPI TORAJA BLEND ARABIKA ROBUSTA 50 50 BIJI SANGRAI ATAU BUBUK HARUM,deborahutagaol852,5,positive,0.927262356504798,
94,KOPI TORAJA BLEND ARABIKA ROBUSTA 50 50 BIJI SANGRAI ATAU BUBUK HARUM,dexgkw4quj,5,positive,0.927262356504798,
95,KOPI TORAJA BLEND ARABIKA ROBUSTA 50 50 BIJI SANGRAI ATAU BUBUK HARUM,maghfirahwati,5,positive,0.927262356504798,
111,KOPI TORAJA BLEND ARABIKA ROBUSTA 50 50 BIJI SANGRAI ATAU BUBUK HARUM,s*****6,5,positive,0.927262356504798,
143,KOPI TORAJA BLEND ARABIKA ROBUSTA 50 50 BIJI SANGRAI ATAU BUBUK HARUM,tazlymahaisyah,5,positive,0.927262356504798,
175,KOPI TORAJA BLEND ARABIKA ROBUSTA 50 50 BIJI SANGRAI ATAU BUBUK HARUM,anasthas2094,5,positive,0.927262356504798,
207,KOPI TORAJA BLEND ARABIKA ROBUSTA 50 50 BIJI SANGRAI ATAU BUBUK HARUM,sartono05,5,positive,0.927262356504798,
239,KOPI TORAJA BLEND ARABIKA ROBUSTA 50 50 BIJI SANGRAI ATAU BUBUK HARUM,brighttvccc,5,positive,0.927262356504798,
271,KOPI TORAJA BLEND ARABIKA ROBUSTA 50 50 BIJI SANGRAI ATAU BUBUK HARUM,winawahyu1,5,positive,0.927262356504798,
303,KOPI TORAJA BLEND ARABIKA ROBUSTA 50 50 BIJI SANGRAI ATAU BUBUK HARUM,syauqivelani,5,positive,0.927262356504798,
320,KOPI TORAJA BLEND ARABIKA ROBUSTA 50 50 BIJI SANGRAI ATAU BUBUK HARUM,r*****e,5,positive,0.927262356504798,
321,KOPI TORAJA BLEND ARABIKA ROBUSTA 50 50 BIJI SANGRAI ATAU BUBUK HARUM,nibazulrandra8,5,positive,0.927262356504798,
322,KOPI TORAJA BLEND ARABIKA ROBUSTA 50 50 BIJI SANGRAI ATAU BUBUK HARUM,yusuf_julaekha,5,positive,0.927262356504798,
323,KOPI TORAJA BLEND ARABIKA ROBUSTA 50 50 BIJI SANGRAI ATAU BUBUK HARUM,randywardana,5,positive,0.927262356504798,
333,KOPI TORAJA BLEND ARABIKA ROBUSTA 50 50 BIJI SANGRAI ATAU BUBUK HARUM,niknick09,5,positive,0.927262356504798,
334,KOPI TORAJA BLEND ARABIKA ROBUSTA 50 50 BIJI SANGRAI ATAU BUBUK HARUM,senja_puspita,5,positive,0.927262356504798,
335,Kemasan Ecopack Litho Brown Kopi Standing Pouch zipper ziplock dengan valve,fajarresky,5,positive,0.927262356504798,
336,Kemasan Premium Kopi Flat Bottom Pouch zipper ziplock valve,3*****o,5,positive,0.927262356504798,
338,Kertas Saring Kopi Drip Bag Coffee solusi kopi tanpa ampas,harukonaomi,5,positive,0.927262356504798,
339,Kertas Saring Kopi Drip Bag Coffee solusi kopi tanpa ampas,dhylla_yusuf,5,positive,0.927262356504798,
340,Kertas Saring Kopi Drip Bag Coffee solusi kopi tanpa ampas,noonadilaa,5,positive,0.927262356504798,
341,Kertas Saring Kopi Drip Bag Coffee solusi kopi tanpa ampas,hasyimbacari,5,positive,0.927262356504798,
342,Kertas Saring Kopi Drip Bag Coffee solusi kopi tanpa ampas,adiaira720,5,positive,0.927262356504798,
343,Kertas Saring Kopi Drip Bag Coffee solusi kopi tanpa ampas,eportaldivisi4,5,positive,0.927262356504798,
344,Kertas Saring Kopi Drip Bag Coffee solusi kopi tanpa ampas,takethecookie,5,positive,0.927262356504798,
346,Kopi Arabika Toraja Benteng Kado Phiter Tulak 1kg,s*****3,5,positive,0.927262356504798,
347,Kopi Arabika Toraja Benteng Kado Phiter Tulak 1kg,amlatu,5,positive,0.927262356504798,
348,Kopi Arabika Toraja Benteng Kado Phiter Tulak 1kg,s*****3,5,positive,0.927262356504798,
349,Kopi Arabika Toraja Benteng Kado Phiter Tulak 1kg,aras_m,5,positive,0.927262356504798,
350,Kopi Arabika Toraja Benteng Kado Phiter Tulak 1kg,s*****i,5,positive,0.927262356504798,
351,Kopi Arabika Toraja Benteng Kado Phiter Tulak 1kg,yusuft28,5,positive,0.927262356504798,
352,Kopi Arabika Toraja Benteng Kado Phiter Tulak 1kg,donysubriyantoome,5,positive,0.927262356504798,
353,Kopi Arabika Toraja Benteng Kado Phiter Tulak 1kg,asarahzarkia07,5,positive,0.927262356504798,
354,Kopi Arabika Toraja Benteng Kado Phiter Tulak 1kg,r*****n,5,positive,0.927262356504798,
355,Kopi Arabika Toraja Benteng Kado Phiter Tulak 1kg,elstore567,5,positive,0.927262356504798,
359,Kopi Arabika Toraja Benteng Kado Phiter Tulak 200 gram Kopi Terbaik Indonesia 2016 versi AEKI,r*****6,5,positive,0.927262356504798,
361,Kopi Arabika Toraja Benteng Kado Phiter Tulak 200 gram Kopi Terbaik Indonesia 2016 versi AEKI,f*****c,5,positive,0.927262356504798,
362,Kopi Arabika Toraja Benteng Kado Phiter Tulak 200 gram Kopi Terbaik Indonesia 2016 versi AEKI,rusadianca,5,positive,0.927262356504798,
363,Kopi Arabika Toraja Benteng Kado Phiter Tulak 200 gram Kopi Terbaik Indonesia 2016 versi AEKI,m*****i,5,positive,0.927262356504798,
364,Kopi Arabika Toraja Benteng Kado Phiter Tulak 200 gram Kopi Terbaik Indonesia 2016 versi AEKI,khoirulamin57,5,positive,0.927262356504798,
365,Kopi Arabika Toraja Benteng Kado Phiter Tulak 200 gram Kopi Terbaik Indonesia 2016 versi AEKI,abdias_t,5,positive,0.927262356504798,
366,Kopi Arabika Toraja Benteng Kado Phiter Tulak 200 gram Kopi Terbaik Indonesia 2016 versi AEKI,abdhi13,5,positive,0.927262356504798,
368,Kopi Arabika Toraja Benteng Kado Phiter Tulak 200 gram Kopi Terbaik Indonesia 2016 versi AEKI,t*****s,5,positive,0.927262356504798,
369,Kopi Arabika Toraja Benteng Kado Phiter Tulak 200 gram Kopi Terbaik Indonesia 2016 versi AEKI,amlatu,5,positive,0.927262356504798,
370,Kopi Arabika Toraja Benteng Kado Phiter Tulak 200 gram Kopi Terbaik Indonesia 2016 versi AEKI,abdias_t,5,positive,0.927262356504798,
371,Kopi Arabika Toraja Benteng Kado Phiter Tulak 200 gram Kopi Terbaik Indonesia 2016 versi AEKI,fendi2317,5,positive,0.927262356504798,
372,Kopi Arabika Toraja Benteng Kado Phiter Tulak 200 gram Kopi Terbaik Indonesia 2016 versi AEKI,imannisa,5,positive,0.927262356504798,
373,Kopi Arabika Toraja Benteng Kado Phiter Tulak 200 gram Kopi Terbaik Indonesia 2016 versi AEKI,f*****c,5,positive,0.927262356504798,
374,Kopi Arabika Toraja Benteng Kado Phiter Tulak 200 gram Kopi Terbaik Indonesia 2016 versi AEKI,w*****m,5,positive,0.927262356504798,
375,Kopi Arabika Toraja Benteng Kado Phiter Tulak 200 gram Kopi Terbaik Indonesia 2016 versi AEKI,wildanarm,5,positive,0.927262356504798,
376,Kopi Arabika Toraja Benteng Kado Phiter Tulak 200 gram Kopi Terbaik Indonesia 2016 versi AEKI,indraa25,5,positive,0.927262356504798,
377,Kopi Arabika Toraja Benteng Kado Phiter Tulak 200 gram Kopi Terbaik Indonesia 2016 versi AEKI,s*****i,5,positive,0.927262356504798,
378,Kopi Arabika Toraja Benteng Kado Phiter Tulak 200 gram Kopi Terbaik Indonesia 2016 versi AEKI,rifqi_yusuf,5,positive,0.927262356504798,
379,Kopi Arabika Toraja Benteng Kado Phiter Tulak 200 gram Kopi Terbaik Indonesia 2016 versi AEKI,azwarsua,5,positive,0.927262356504798,
380,Kopi Arabika Toraja Benteng Kado Phiter Tulak 200 gram Kopi Terbaik Indonesia 2016 versi AEKI,zulqahfy,5,positive,0.927262356504798,
381,Kopi Arabika Toraja Benteng Kado Phiter Tulak 200 gram Kopi Terbaik Indonesia 2016 versi AEKI,allingonly,5,positive,0.927262356504798,
382,Kopi Arabika Toraja Benteng Kado Phiter Tulak 200 gram Kopi Terbaik Indonesia 2016 versi AEKI,allingonly,5,positive,0.927262356504798,
383,Kopi Arabika Toraja Benteng Kado Phiter Tulak 200 gram Kopi Terbaik Indonesia 2016 versi AEKI,allingonly,5,positive,0.927262356504798,
384,Kopi Arabika Toraja Benteng Kado Phiter Tulak 200 gram Kopi Terbaik Indonesia 2016 versi AEKI,sartono05,5,positive,0.927262356504798,
385,Kopi Arabika Toraja Benteng Kado Phiter Tulak 200 gram Kopi Terbaik Indonesia 2016 versi AEKI,erasmus03,5,positive,0.927262356504798,
386,Kopi Arabika Toraja Benteng Kado Phiter Tulak 200 gram Kopi Terbaik Indonesia 2016 versi AEKI,ocha_kodukawa,5,positive,0.927262356504798,
387,Kopi Arabika Toraja Benteng Kado Phiter Tulak 200 gram Kopi Terbaik Indonesia 2016 versi AEKI,runk124,5,positive,0.927262356504798,
388,Kopi Arabika Toraja Benteng Kado Phiter Tulak 200 gram Kopi Terbaik Indonesia 2016 versi AEKI,i*****n,5,positive,0.927262356504798,
389,Kopi Arabika Toraja Benteng Kado Phiter Tulak 200 gram Kopi Terbaik Indonesia 2016 versi AEKI,f*****c,5,positive,0.927262356504798,
390,Kopi Arabika Toraja Benteng Kado Phiter Tulak 200 gram Kopi Terbaik Indonesia 2016 versi AEKI,juwana45,5,positive,0.927262356504798,
391,Kopi Arabika Toraja Benteng Kado Phiter Tulak 200 gram Kopi Terbaik Indonesia 2016 versi AEKI,rumengan07,5,positive,0.927262356504798,
392,Kopi Arabika Toraja Benteng Kado Phiter Tulak 200 gram Kopi Terbaik Indonesia 2016 versi AEKI,rumengan07,5,positive,0.927262356504798,
393,Kopi Arabika Toraja Benteng Kado Phiter Tulak 200 gram Kopi Terbaik Indonesia 2016 versi AEKI,eportaldivisi4,5,positive,0.927262356504798,
394,Kopi Arabika Toraja Benteng Kado Phiter Tulak 200 gram Kopi Terbaik Indonesia 2016 versi AEKI,hendrayadibur,5,positive,0.927262356504798,
404,Kopi Arabika Toraja Gandangbatu Arabika Espresso Based kemasan baru 200 gram,yunitasetia886,5,positive,0.927262356504798,
406,Kopi Arabika Toraja Gandangbatu Arabika Espresso Based kemasan baru 200 gram,s*****g,5,positive,0.927262356504798,
408,Kopi Arabika Toraja Gandangbatu Arabika Espresso Based kemasan baru 200 gram,oneproject299,5,positive,0.927262356504798,
418,Kopi Arabika Toraja Gandangbatu Arabika Espresso Based kemasan baru 200 gram,germato83,5,positive,0.927262356504798,
421,Kopi Arabika Toraja Gandangbatu Arabika Espresso Based kemasan baru 200 gram,woranfranky,5,positive,0.927262356504798,
425,Kopi Arabika Toraja Gandangbatu Arabika Espresso Based kemasan baru 200 gram,toko_yulia_ada,5,positive,0.927262356504798,
426,Kopi Arabika Toraja Gandangbatu Arabika Espresso Based kemasan baru 200 gram,a*****7,5,positive,0.927262356504798,
428,Kopi Arabika Toraja Gandangbatu Arabika Espresso Based kemasan baru 200 gram,azhar_174,5,positive,0.927262356504798,
431,Kopi Arabika Toraja Gandangbatu Arabika Espresso Based kemasan baru 200 gram,bysi965bbu,5,positive,0.927262356504798,
432,Kopi Arabika Toraja Gandangbatu Arabika Espresso Based kemasan baru 200 gram,lank20,5,positive,0.927262356504798,
439,Kopi Arabika Toraja Gandangbatu Arabika Espresso Based kemasan baru 200 gram,a*****s,5,positive,0.927262356504798,
442,Kopi Arabika Toraja Gandangbatu Arabika Espresso Based kemasan baru 200 gram,i*****2,5,positive,0.927262356504798,
443,Kopi Arabika Toraja Gandangbatu Arabika Espresso Based kemasan baru 200 gram,h*****j,5,positive,0.927262356504798,
444,Kopi Arabika Toraja Gandangbatu Arabika Espresso Based kemasan baru 200 gram,hikenn_no_ace,5,positive,0.927262356504798,
445,Kopi Arabika Toraja Gandangbatu Arabika Espresso Based kemasan baru 200 gram,a*****s,5,positive,0.927262356504798,
446,Kopi Arabika Toraja Gandangbatu Arabika Espresso Based kemasan baru 200 gram,echal88,5,positive,0.927262356504798,
447,Kopi Arabika Toraja Gandangbatu Arabika Espresso Based kemasan baru 200 gram,sugialdayusuf,5,positive,0.927262356504798,
463,Kopi Arabika Toraja Gandangbatu Arabika Espresso Based kemasan baru 200 gram,dqx9gd_uti,5,positive,0.927262356504798,
495,Kopi Arabika Toraja Gandangbatu Arabika Espresso Based kemasan baru 200 gram,f*****2,5,positive,0.927262356504798,
527,Kopi Arabika Toraja Gandangbatu Arabika Espresso Based kemasan baru 200 gram,windakamal29,5,positive,0.927262356504798,
559,Kopi Arabika Toraja Gandangbatu Arabika Espresso Based kemasan baru 200 gram,e*****6,5,positive,0.927262356504798,
591,Kopi Arabika Toraja Gandangbatu Arabika Espresso Based kemasan baru 200 gram,moh.rest,5,positive,0.927262356504798,
623,Kopi Arabika Toraja Gandangbatu Arabika Espresso Based kemasan baru 200 gram,n*****g,5,positive,0.927262356504798,
640,Kopi Arabika Toraja Peaberry kemasan 200 gram,denycahyosejati,5,positive,0.927262356504798,
641,Kopi Arabika Toraja Peaberry kemasan 200 gram,unknown,5,positive,0.927262356504798,
642,Kopi Arabika Toraja Peaberry kemasan 200 gram,edal9999,5,positive,0.927262356504798,
643,Kopi Arabika Toraja Peaberry kemasan 200 gram,rifqi_yusuf,5,positive,0.927262356504798,
644,Kopi Arabika Toraja Peaberry kemasan 200 gram,rudyanto26,5,positive,0.927262356504798,
645,Kopi Arabika Toraja Peaberry kemasan 200 gram,eportaldivisi4,5,positive,0.927262356504798,
646,Kopi Arabika Toraja Peaberry kemasan 200 gram,eportaldivisi4,5,positive,0.927262356504798,
647,Kopi Arabika Toraja Peaberry kemasan 200 gram,lc3xecujtm,5,positive,0.927262356504798,
650,Kopi Arabika Toraja Perindingan 1kg Bubuk atau Biji Specialty Coffee,budhyantososang,5,positive,0.927262356504798,
652,Kopi Arabika Toraja Perindingan 1kg Bubuk atau Biji Specialty Coffee,hari.sandhi,5,positive,0.927262356504798,
653,Kopi Arabika Toraja Perindingan 1kg Bubuk atau Biji Specialty Coffee,rockopi_id,5,positive,0.927262356504798,
654,Kopi Arabika Toraja Perindingan 1kg Bubuk atau Biji Specialty Coffee,hari.sandhi,5,positive,0.927262356504798,
655,Kopi Arabika Toraja Perindingan 1kg Bubuk atau Biji Specialty Coffee,hari.sandhi,5,positive,0.927262356504798,
656,Kopi Arabika Toraja Perindingan 1kg Bubuk atau Biji Specialty Coffee,hari.sandhi,5,positive,0.927262356504798,
657,Kopi Arabika Toraja Perindingan 1kg Bubuk atau Biji Specialty Coffee,aaddlags,5,positive,0.927262356504798,
658,Kopi Arabika Toraja Perindingan 1kg Bubuk atau Biji Specialty Coffee,amlatu,5,positive,0.927262356504798,
659,Kopi Arabika Toraja Perindingan 1kg Bubuk atau Biji Specialty Coffee,noviana_apn,5,positive,0.927262356504798,
660,Kopi Arabika Toraja Perindingan 1kg Bubuk atau Biji Specialty Coffee,noviana_apn,5,positive,0.927262356504798,
661,Kopi Arabika Toraja Perindingan 1kg Bubuk atau Biji Specialty Coffee,noviana_apn,5,positive,0.927262356504798,
663,Kopi Arabika Toraja Perindingan 1kg Bubuk atau Biji Specialty Coffee,aryandi_baso,5,positive,0.927262356504798,
664,Kopi Arabika Toraja Perindingan 1kg Bubuk atau Biji Specialty Coffee,harukonaomi,5,positive,0.927262356504798,
665,Kopi Arabika Toraja Perindingan 1kg Bubuk atau Biji Specialty Coffee,harukonaomi,5,positive,0.927262356504798,
666,Kopi Arabika Toraja Perindingan 1kg Bubuk atau Biji Specialty Coffee,monicavalencia,5,positive,0.927262356504798,
667,Kopi Arabika Toraja Perindingan 1kg Bubuk atau Biji Specialty Coffee,floari1001,5,positive,0.927262356504798,
668,Kopi Arabika Toraja Perindingan 1kg Bubuk atau Biji Specialty Coffee,sul7on,5,positive,0.927262356504798,
96,KOPI TORAJA BLEND ARABIKA ROBUSTA 50 50 BIJI SANGRAI ATAU BUBUK HARUM,coklat201580049,5,positive,0.9272624822333456,
98,KOPI TORAJA BLEND ARABIKA ROBUSTA 50 50 BIJI SANGRAI ATAU BUBUK HARUM,obie_73,5,positive,0.9272624822333456,
104,KOPI TORAJA BLEND ARABIKA ROBUSTA 50 50 BIJI SANGRAI ATAU BUBUK HARUM,yulikahoho,5,positive,0.9272624822333456,
106,KOPI TORAJA BLEND ARABIKA ROBUSTA 50 50 BIJI SANGRAI ATAU BUBUK HARUM,maulana.raa,5,positive,0.9272624822333456,
108,KOPI TORAJA BLEND ARABIKA ROBUSTA 50 50 BIJI SANGRAI ATAU BUBUK HARUM,c*****1,5,positive,0.9272624822333456,
110,KOPI TORAJA BLEND ARABIKA ROBUSTA 50 50 BIJI SANGRAI ATAU BUBUK HARUM,rizqern,5,positive,0.9272624822333456,
112,KOPI TORAJA BLEND ARABIKA ROBUSTA 50 50 BIJI SANGRAI ATAU BUBUK HARUM,andimanggabarani8888,5,positive,0.9272624822333456,
114,KOPI TORAJA BLEND ARABIKA ROBUSTA 50 50 BIJI SANGRAI ATAU BUBUK HARUM,zainalriadiscout,5,positive,0.9272624822333456,
116,KOPI TORAJA BLEND ARABIKA ROBUSTA 50 50 BIJI SANGRAI ATAU BUBUK HARUM,muhammadyusuf68069,5,positive,0.9272624822333456,
118,KOPI TORAJA BLEND ARABIKA ROBUSTA 50 50 BIJI SANGRAI ATAU BUBUK HARUM,dwiyanoktriana140,5,positive,0.9272624822333456,
120,KOPI TORAJA BLEND ARABIKA ROBUSTA 50 50 BIJI SANGRAI ATAU BUBUK HARUM,f*****e,5,positive,0.9272624822333456,
122,KOPI TORAJA BLEND ARABIKA ROBUSTA 50 50 BIJI SANGRAI ATAU BUBUK HARUM,icha09juni,5,positive,0.9272624822333456,
124,KOPI TORAJA BLEND ARABIKA ROBUSTA 50 50 BIJI SANGRAI ATAU BUBUK HARUM,shinlsm,5,positive,0.9272624822333456,
126,KOPI TORAJA BLEND ARABIKA ROBUSTA 50 50 BIJI SANGRAI ATAU BUBUK HARUM,afianaprasetyo,5,positive,0.9272624822333456,
128,KOPI TORAJA BLEND ARABIKA ROBUSTA 50 50 BIJI SANGRAI ATAU BUBUK HARUM,nurismullah,5,positive,0.9272624822333456,
130,KOPI TORAJA BLEND ARABIKA ROBUSTA 50 50 BIJI SANGRAI ATAU BUBUK HARUM,a*****8,5,positive,0.9272624822333456,
132,KOPI TORAJA BLEND ARABIKA ROBUSTA 50 50 BIJI SANGRAI ATAU BUBUK HARUM,xeroproject,5,positive,0.9272624822333456,
134,KOPI TORAJA BLEND ARABIKA ROBUSTA 50 50 BIJI SANGRAI ATAU BUBUK HARUM,r*****e,5,positive,0.9272624822333456,
136,KOPI TORAJA BLEND ARABIKA ROBUSTA 50 50 BIJI SANGRAI ATAU BUBUK HARUM,a*****a,5,positive,0.9272624822333456,
138,KOPI TORAJA BLEND ARABIKA ROBUSTA 50 50 BIJI SANGRAI ATAU BUBUK HARUM,praptining,5,positive,0.9272624822333456,
142,KOPI TORAJA BLEND ARABIKA ROBUSTA 50 50 BIJI SANGRAI ATAU BUBUK HARUM,kurniaewi,5,positive,0.9272624822333456,
144,KOPI TORAJA BLEND ARABIKA ROBUSTA 50 50 BIJI SANGRAI ATAU BUBUK HARUM,agneisis11,5,positive,0.9272624822333456,
146,KOPI TORAJA BLEND ARABIKA ROBUSTA 50 50 BIJI SANGRAI ATAU BUBUK HARUM,dianaaa_99_,5,positive,0.9272624822333456,
148,KOPI TORAJA BLEND ARABIKA ROBUSTA 50 50 BIJI SANGRAI ATAU BUBUK HARUM,ahmadabrarfachri,5,positive,0.9272624822333456,
150,KOPI TORAJA BLEND ARABIKA ROBUSTA 50 50 BIJI SANGRAI ATAU BUBUK HARUM,khavifimii02,5,positive,0.9272624822333456,
152,KOPI TORAJA BLEND ARABIKA ROBUSTA 50 50 BIJI SANGRAI ATAU BUBUK HARUM,nurfitrianiramadhani,5,positive,0.9272624822333456,
154,KOPI TORAJA BLEND ARABIKA ROBUSTA 50 50 BIJI SANGRAI ATAU BUBUK HARUM,coklat201580049,5,positive,0.9272624822333456,
156,KOPI TORAJA BLEND ARABIKA ROBUSTA 50 50 BIJI SANGRAI ATAU BUBUK HARUM,culnklang,5,positive,0.9272624822333456,
158,KOPI TORAJA BLEND ARABIKA ROBUSTA 50 50 BIJI SANGRAI ATAU BUBUK HARUM,x9atth93qz,5,positive,0.9272624822333456,
162,KOPI TORAJA BLEND ARABIKA ROBUSTA 50 50 BIJI SANGRAI ATAU BUBUK HARUM,bayu_99.,5,positive,0.9272624822333456,
164,KOPI TORAJA BLEND ARABIKA ROBUSTA 50 50 BIJI SANGRAI ATAU BUBUK HARUM,erika3012,5,positive,0.9272624822333456,
166,KOPI TORAJA BLEND ARABIKA ROBUSTA 50 50 BIJI SANGRAI ATAU BUBUK HARUM,mamberlyshop.id,5,positive,0.9272624822333456,
168,KOPI TORAJA BLEND ARABIKA ROBUSTA 50 50 BIJI SANGRAI ATAU BUBUK HARUM,r*****a,5,positive,0.9272624822333456,
170,KOPI TORAJA BLEND ARABIKA ROBUSTA 50 50 BIJI SANGRAI ATAU BUBUK HARUM,b*****i,5,positive,0.9272624822333456,
172,KOPI TORAJA BLEND ARABIKA ROBUSTA 50 50 BIJI SANGRAI ATAU BUBUK HARUM,s*****5,5,positive,0.9272624822333456,
174,KOPI TORAJA BLEND ARABIKA ROBUSTA 50 50 BIJI SANGRAI ATAU BUBUK HARUM,ovieeriella,5,positive,0.9272624822333456,
176,KOPI TORAJA BLEND ARABIKA ROBUSTA 50 50 BIJI SANGRAI ATAU BUBUK HARUM,c*****a,5,positive,0.9272624822333456,
178,KOPI TORAJA BLEND ARABIKA ROBUSTA 50 50 BIJI SANGRAI ATAU BUBUK HARUM,ekkabee,5,positive,0.9272624822333456,
180,KOPI TORAJA BLEND ARABIKA ROBUSTA 50 50 BIJI SANGRAI ATAU BUBUK HARUM,muhammadrizkianugrah,5,positive,0.9272624822333456,
182,KOPI TORAJA BLEND ARABIKA ROBUSTA 50 50 BIJI SANGRAI ATAU BUBUK HARUM,hartaco.otopart,5,positive,0.9272624822333456,
184,KOPI TORAJA BLEND ARABIKA ROBUSTA 50 50 BIJI SANGRAI ATAU BUBUK HARUM,arfan_25,5,positive,0.9272624822333456,
186,KOPI TORAJA BLEND ARABIKA ROBUSTA 50 50 BIJI SANGRAI ATAU BUBUK HARUM,dian06,5,positive,0.9272624822333456,
188,KOPI TORAJA BLEND ARABIKA ROBUSTA 50 50 BIJI SANGRAI ATAU BUBUK HARUM,abdulahrahman09,5,positive,0.9272624822333456,
190,KOPI TORAJA BLEND ARABIKA ROBUSTA 50 50 BIJI SANGRAI ATAU BUBUK HARUM,h*****x,5,positive,0.9272624822333456,
192,KOPI TORAJA BLEND ARABIKA ROBUSTA 50 50 BIJI SANGRAI ATAU BUBUK HARUM,jualanchia,5,positive,0.9272624822333456,
194,KOPI TORAJA BLEND ARABIKA ROBUSTA 50 50 BIJI SANGRAI ATAU BUBUK HARUM,dianegiantoro,5,positive,0.9272624822333456,
196,KOPI TORAJA BLEND ARABIKA ROBUSTA 50 50 BIJI SANGRAI ATAU BUBUK HARUM,a*****5,5,positive,0.9272624822333456,
198,KOPI TORAJA BLEND ARABIKA ROBUSTA 50 50 BIJI SANGRAI ATAU BUBUK HARUM,arjosa22,5,positive,0.9272624822333456,
200,KOPI TORAJA BLEND ARABIKA ROBUSTA 50 50 BIJI SANGRAI ATAU BUBUK HARUM,kimeunmun20,5,positive,0.9272624822333456,
202,KOPI TORAJA BLEND ARABIKA ROBUSTA 50 50 BIJI SANGRAI ATAU BUBUK HARUM,nuraeni.rina,5,positive,0.9272624822333456,
204,KOPI TORAJA BLEND ARABIKA ROBUSTA 50 50 BIJI SANGRAI ATAU BUBUK HARUM,hatmadiagung,5,positive,0.9272624822333456,
206,KOPI TORAJA BLEND ARABIKA ROBUSTA 50 50 BIJI SANGRAI ATAU BUBUK HARUM,rayhan140413,5,positive,0.9272624822333456,
208,KOPI TORAJA BLEND ARABIKA ROBUSTA 50 50 BIJI SANGRAI ATAU BUBUK HARUM,gondrezcahbaldez,5,positive,0.9272624822333456,
210,KOPI TORAJA BLEND ARABIKA ROBUSTA 50 50 BIJI SANGRAI ATAU BUBUK HARUM,anggunnurbaeti_,5,positive,0.9272624822333456,
212,KOPI TORAJA BLEND ARABIKA ROBUSTA 50 50 BIJI SANGRAI ATAU BUBUK HARUM,f*****a,5,positive,0.9272624822333456,
214,KOPI TORAJA BLEND ARABIKA ROBUSTA 50 50 BIJI SANGRAI ATAU BUBUK HARUM,ririn_lovely,5,positive,0.9272624822333456,
216,KOPI TORAJA BLEND ARABIKA ROBUSTA 50 50 BIJI SANGRAI ATAU BUBUK HARUM,am2010,5,positive,0.9272624822333456,
218,KOPI TORAJA BLEND ARABIKA ROBUSTA 50 50 BIJI SANGRAI ATAU BUBUK HARUM,dikanurdiansyah554,5,positive,0.9272624822333456,
220,KOPI TORAJA BLEND ARABIKA ROBUSTA 50 50 BIJI SANGRAI ATAU BUBUK HARUM,r*****1,5,positive,0.9272624822333456,
224,KOPI TORAJA BLEND ARABIKA ROBUSTA 50 50 BIJI SANGRAI ATAU BUBUK HARUM,ernawatisoekadi,5,positive,0.9272624822333456,
226,KOPI TORAJA BLEND ARABIKA ROBUSTA 50 50 BIJI SANGRAI ATAU BUBUK HARUM,amry_20,5,positive,0.9272624822333456,
228,KOPI TORAJA BLEND ARABIKA ROBUSTA 50 50 BIJI SANGRAI ATAU BUBUK HARUM,anchadolpin,5,positive,0.9272624822333456,
230,KOPI TORAJA BLEND ARABIKA ROBUSTA 50 50 BIJI SANGRAI ATAU BUBUK HARUM,konjijie,5,positive,0.9272624822333456,
232,KOPI TORAJA BLEND ARABIKA ROBUSTA 50 50 BIJI SANGRAI ATAU BUBUK HARUM,11sailirrahman,5,positive,0.9272624822333456,
234,KOPI TORAJA BLEND ARABIKA ROBUSTA 50 50 BIJI SANGRAI ATAU BUBUK HARUM,has020994,5,positive,0.9272624822333456,
236,KOPI TORAJA BLEND ARABIKA ROBUSTA 50 50 BIJI SANGRAI ATAU BUBUK HARUM,c*****a,5,positive,0.9272624822333456,
238,KOPI TORAJA BLEND ARABIKA ROBUSTA 50 50 BIJI SANGRAI ATAU BUBUK HARUM,bimo2902,5,positive,0.9272624822333456,
242,KOPI TORAJA BLEND ARABIKA ROBUSTA 50 50 BIJI SANGRAI ATAU BUBUK HARUM,faliqoke,5,positive,0.9272624822333456,
246,KOPI TORAJA BLEND ARABIKA ROBUSTA 50 50 BIJI SANGRAI ATAU BUBUK HARUM,meutia.farida,5,positive,0.9272624822333456,
248,KOPI TORAJA BLEND ARABIKA ROBUSTA 50 50 BIJI SANGRAI ATAU BUBUK HARUM,muhammadadityaseptiawan784,5,positive,0.9272624822333456,
250,KOPI TORAJA BLEND ARABIKA ROBUSTA 50 50 BIJI SANGRAI ATAU BUBUK HARUM,ignasius_hendrianto_818,5,positive,0.9272624822333456,
252,KOPI TORAJA BLEND ARABIKA ROBUSTA 50 50 BIJI SANGRAI ATAU BUBUK HARUM,r36d3q8sh6,5,positive,0.9272624822333456,
254,KOPI TORAJA BLEND ARABIKA ROBUSTA 50 50 BIJI SANGRAI ATAU BUBUK HARUM,m*****1,5,positive,0.9272624822333456,
256,KOPI TORAJA BLEND ARABIKA ROBUSTA 50 50 BIJI SANGRAI ATAU BUBUK HARUM,rhmt_fdnt,5,positive,0.9272624822333456,
258,KOPI TORAJA BLEND ARABIKA ROBUSTA 50 50 BIJI SANGRAI ATAU BUBUK HARUM,andi040995,5,positive,0.9272624822333456,
260,KOPI TORAJA BLEND ARABIKA ROBUSTA 50 50 BIJI SANGRAI ATAU BUBUK HARUM,sekelumitbercerita,5,positive,0.9272624822333456,
262,KOPI TORAJA BLEND ARABIKA ROBUSTA 50 50 BIJI SANGRAI ATAU BUBUK HARUM,carolinajaneampang,5,positive,0.9272624822333456,
264,KOPI TORAJA BLEND ARABIKA ROBUSTA 50 50 BIJI SANGRAI ATAU BUBUK HARUM,q*****_,5,positive,0.9272624822333456,
266,KOPI TORAJA BLEND ARABIKA ROBUSTA 50 50 BIJI SANGRAI ATAU BUBUK HARUM,arumfatunisa,5,positive,0.9272624822333456,
268,KOPI TORAJA BLEND ARABIKA ROBUSTA 50 50 BIJI SANGRAI ATAU BUBUK HARUM,yanto_antonius,5,positive,0.9272624822333456,
270,KOPI TORAJA BLEND ARABIKA ROBUSTA 50 50 BIJI SANGRAI ATAU BUBUK HARUM,mariatikok,5,positive,0.9272624822333456,
272,KOPI TORAJA BLEND ARABIKA ROBUSTA 50 50 BIJI SANGRAI ATAU BUBUK HARUM,r36d3q8sh6,5,positive,0.9272624822333456,
274,KOPI TORAJA BLEND ARABIKA ROBUSTA 50 50 BIJI SANGRAI ATAU BUBUK HARUM,bossmuda.01,5,positive,0.9272624822333456,
276,KOPI TORAJA BLEND ARABIKA ROBUSTA 50 50 BIJI SANGRAI ATAU BUBUK HARUM,bayu_99.,5,positive,0.9272624822333456,
278,KOPI TORAJA BLEND ARABIKA ROBUSTA 50 50 BIJI SANGRAI ATAU BUBUK HARUM,polomansyur,5,positive,0.9272624822333456,
280,KOPI TORAJA BLEND ARABIKA ROBUSTA 50 50 BIJI SANGRAI ATAU BUBUK HARUM,miftahularifin148,5,positive,0.9272624822333456,
282,KOPI TORAJA BLEND ARABIKA ROBUSTA 50 50 BIJI SANGRAI ATAU BUBUK HARUM,5yua90lzeh,5,positive,0.9272624822333456,
284,KOPI TORAJA BLEND ARABIKA ROBUSTA 50 50 BIJI SANGRAI ATAU BUBUK HARUM,nazwaanggina139,5,positive,0.9272624822333456,
286,KOPI TORAJA BLEND ARABIKA ROBUSTA 50 50 BIJI SANGRAI ATAU BUBUK HARUM,t*****l,5,positive,0.9272624822333456,
288,KOPI TORAJA BLEND ARABIKA ROBUSTA 50 50 BIJI SANGRAI ATAU BUBUK HARUM,achmadzulfiqramahlinur,5,positive,0.9272624822333456,
290,KOPI TORAJA BLEND ARABIKA ROBUSTA 50 50 BIJI SANGRAI ATAU BUBUK HARUM,shoalihin05,5,positive,0.9272624822333456,
292,KOPI TORAJA BLEND ARABIKA ROBUSTA 50 50 BIJI SANGRAI ATAU BUBUK HARUM,frmnsyahaldian_18,5,positive,0.9272624822333456,
294,KOPI TORAJA BLEND ARABIKA ROBUSTA 50 50 BIJI SANGRAI ATAU BUBUK HARUM,jamesthamrin88,5,positive,0.9272624822333456,
296,KOPI TORAJA BLEND ARABIKA ROBUSTA 50 50 BIJI SANGRAI ATAU BUBUK HARUM,darmawatisaifuddin,5,positive,0.9272624822333456,
298,KOPI TORAJA BLEND ARABIKA ROBUSTA 50 50 BIJI SANGRAI ATAU BUBUK HARUM,tokoveniceria,5,positive,0.9272624822333456,
300,KOPI TORAJA BLEND ARABIKA ROBUSTA 50 50 BIJI SANGRAI ATAU BUBUK HARUM,_asdarr,5,positive,0.9272624822333456,
302,KOPI TORAJA BLEND ARABIKA ROBUSTA 50 50 BIJI SANGRAI ATAU BUBUK HARUM,a*****6,5,positive,0.9272624822333456,
304,KOPI TORAJA BLEND ARABIKA ROBUSTA 50 50 BIJI SANGRAI ATAU BUBUK HARUM,jesikalessy,5,positive,0.9272624822333456,
306,KOPI TORAJA BLEND ARABIKA ROBUSTA 50 50 BIJI SANGRAI ATAU BUBUK HARUM,tuaneror,5,positive,0.9272624822333456,
308,KOPI TORAJA BLEND ARABIKA ROBUSTA 50 50 BIJI SANGRAI ATAU BUBUK HARUM,50gdjfpvrt,5,positive,0.9272624822333456,
310,KOPI TORAJA BLEND ARABIKA ROBUSTA 50 50 BIJI SANGRAI ATAU BUBUK HARUM,rumahku.co,5,positive,0.9272624822333456,
312,KOPI TORAJA BLEND ARABIKA ROBUSTA 50 50 BIJI SANGRAI ATAU BUBUK HARUM,ivansantana586,5,positive,0.9272624822333456,
314,KOPI TORAJA BLEND ARABIKA ROBUSTA 50 50 BIJI SANGRAI ATAU BUBUK HARUM,ubadahnda,5,positive,0.9272624822333456,
316,KOPI TORAJA BLEND ARABIKA ROBUSTA 50 50 BIJI SANGRAI ATAU BUBUK HARUM,niknick09,5,positive,0.9272624822333456,
318,KOPI TORAJA BLEND ARABIKA ROBUSTA 50 50 BIJI SANGRAI ATAU BUBUK HARUM,clearahula,5,positive,0.9272624822333456,
448,Kopi Arabika Toraja Gandangbatu Arabika Espresso Based kemasan baru 200 gram,anekanelayanblk,5,positive,0.9272624822333456,
450,Kopi Arabika Toraja Gandangbatu Arabika Espresso Based kemasan baru 200 gram,f*****8,5,positive,0.9272624822333456,
454,Kopi Arabika Toraja Gandangbatu Arabika Espresso Based kemasan baru 200 gram,rahayu.ayu91,5,positive,0.9272624822333456,
456,Kopi Arabika Toraja Gandangbatu Arabika Espresso Based kemasan baru 200 gram,andyekaputra,5,positive,0.9272624822333456,
458,Kopi Arabika Toraja Gandangbatu Arabika Espresso Based kemasan baru 200 gram,nrulyasmin,5,positive,0.9272624822333456,
460,Kopi Arabika Toraja Gandangbatu Arabika Espresso Based kemasan baru 200 gram,weww.erant,5,positive,0.9272624822333456,
462,Kopi Arabika Toraja Gandangbatu Arabika Espresso Based kemasan baru 200 gram,thomz_arts,5,positive,0.9272624822333456,
464,Kopi Arabika Toraja Gandangbatu Arabika Espresso Based kemasan baru 200 gram,rahmialimin,5,positive,0.9272624822333456,
466,Kopi Arabika Toraja Gandangbatu Arabika Espresso Based kemasan baru 200 gram,h*****9,5,positive,0.9272624822333456,
468,Kopi Arabika Toraja Gandangbatu Arabika Espresso Based kemasan baru 200 gram,myusufpatappe,5,positive,0.9272624822333456,
470,Kopi Arabika Toraja Gandangbatu Arabika Espresso Based kemasan baru 200 gram,fauziahhakim,5,positive,0.9272624822333456,
472,Kopi Arabika Toraja Gandangbatu Arabika Espresso Based kemasan baru 200 gram,v*****n,5,positive,0.9272624822333456,
474,Kopi Arabika Toraja Gandangbatu Arabika Espresso Based kemasan baru 200 gram,anaspare2,5,positive,0.9272624822333456,
476,Kopi Arabika Toraja Gandangbatu Arabika Espresso Based kemasan baru 200 gram,arief.rusman,5,positive,0.9272624822333456,
478,Kopi Arabika Toraja Gandangbatu Arabika Espresso Based kemasan baru 200 gram,alvitraazhari,5,positive,0.9272624822333456,
480,Kopi Arabika Toraja Gandangbatu Arabika Espresso Based kemasan baru 200 gram,yone99,5,positive,0.9272624822333456,
482,Kopi Arabika Toraja Gandangbatu Arabika Espresso Based kemasan baru 200 gram,t*****o,5,positive,0.9272624822333456,
484,Kopi Arabika Toraja Gandangbatu Arabika Espresso Based kemasan baru 200 gram,sarmilasandira,5,positive,0.9272624822333456,
486,Kopi Arabika Toraja Gandangbatu Arabika Espresso Based kemasan baru 200 gram,riska_chibo,5,positive,0.9272624822333456,
488,Kopi Arabika Toraja Gandangbatu Arabika Espresso Based kemasan baru 200 gram,rheza8833,5,positive,0.9272624822333456,
490,Kopi Arabika Toraja Gandangbatu Arabika Espresso Based kemasan baru 200 gram,nunucahaya,5,positive,0.9272624822333456,
492,Kopi Arabika Toraja Gandangbatu Arabika Espresso Based kemasan baru 200 gram,intansilambimangolo,5,positive,0.9272624822333456,
494,Kopi Arabika Toraja Gandangbatu Arabika Espresso Based kemasan baru 200 gram,fibon87,5,positive,0.9272624822333456,
496,Kopi Arabika Toraja Gandangbatu Arabika Espresso Based kemasan baru 200 gram,unknown,5,positive,0.9272624822333456,
498,Kopi Arabika Toraja Gandangbatu Arabika Espresso Based kemasan baru 200 gram,kkyazid,5,positive,0.9272624822333456,
500,Kopi Arabika Toraja Gandangbatu Arabika Espresso Based kemasan baru 200 gram,h*****j,5,positive,0.9272624822333456,
502,Kopi Arabika Toraja Gandangbatu Arabika Espresso Based kemasan baru 200 gram,pipitrayya,5,positive,0.9272624822333456,
504,Kopi Arabika Toraja Gandangbatu Arabika Espresso Based kemasan baru 200 gram,yone99,5,positive,0.9272624822333456,
506,Kopi Arabika Toraja Gandangbatu Arabika Espresso Based kemasan baru 200 gram,kiwit_13,5,positive,0.9272624822333456,
508,Kopi Arabika Toraja Gandangbatu Arabika Espresso Based kemasan baru 200 gram,m*****a,5,positive,0.9272624822333456,
510,Kopi Arabika Toraja Gandangbatu Arabika Espresso Based kemasan baru 200 gram,misdar_amdah,5,positive,0.9272624822333456,
512,Kopi Arabika Toraja Gandangbatu Arabika Espresso Based kemasan baru 200 gram,awalbahar,5,positive,0.9272624822333456,
514,Kopi Arabika Toraja Gandangbatu Arabika Espresso Based kemasan baru 200 gram,dzikrikkiii,5,positive,0.9272624822333456,
516,Kopi Arabika Toraja Gandangbatu Arabika Espresso Based kemasan baru 200 gram,rezkykumalasari,5,positive,0.9272624822333456,
518,Kopi Arabika Toraja Gandangbatu Arabika Espresso Based kemasan baru 200 gram,heri_widodo72,5,positive,0.9272624822333456,
520,Kopi Arabika Toraja Gandangbatu Arabika Espresso Based kemasan baru 200 gram,iccankzhar,5,positive,0.9272624822333456,
524,Kopi Arabika Toraja Gandangbatu Arabika Espresso Based kemasan baru 200 gram,wawanapriyan,5,positive,0.9272624822333456,
526,Kopi Arabika Toraja Gandangbatu Arabika Espresso Based kemasan baru 200 gram,d*****w,5,positive,0.9272624822333456,
528,Kopi Arabika Toraja Gandangbatu Arabika Espresso Based kemasan baru 200 gram,timmyap641,5,positive,0.9272624822333456,
530,Kopi Arabika Toraja Gandangbatu Arabika Espresso Based kemasan baru 200 gram,herrysudewa,5,positive,0.9272624822333456,
532,Kopi Arabika Toraja Gandangbatu Arabika Espresso Based kemasan baru 200 gram,imannisa,5,positive,0.9272624822333456,
534,Kopi Arabika Toraja Gandangbatu Arabika Espresso Based kemasan baru 200 gram,h*****j,5,positive,0.9272624822333456,
536,Kopi Arabika Toraja Gandangbatu Arabika Espresso Based kemasan baru 200 gram,indahdamaimedia,5,positive,0.9272624822333456,
538,Kopi Arabika Toraja Gandangbatu Arabika Espresso Based kemasan baru 200 gram,k*****s,5,positive,0.9272624822333456,
540,Kopi Arabika Toraja Gandangbatu Arabika Espresso Based kemasan baru 200 gram,fandy2705,5,positive,0.9272624822333456,
542,Kopi Arabika Toraja Gandangbatu Arabika Espresso Based kemasan baru 200 gram,srilesstari,5,positive,0.9272624822333456,
544,Kopi Arabika Toraja Gandangbatu Arabika Espresso Based kemasan baru 200 gram,a*****3,5,positive,0.9272624822333456,
546,Kopi Arabika Toraja Gandangbatu Arabika Espresso Based kemasan baru 200 gram,diditkustantio,5,positive,0.9272624822333456,
548,Kopi Arabika Toraja Gandangbatu Arabika Espresso Based kemasan baru 200 gram,arjosa22,5,positive,0.9272624822333456,
550,Kopi Arabika Toraja Gandangbatu Arabika Espresso Based kemasan baru 200 gram,l*****i,5,positive,0.9272624822333456,
552,Kopi Arabika Toraja Gandangbatu Arabika Espresso Based kemasan baru 200 gram,afandiaantoko,5,positive,0.9272624822333456,
554,Kopi Arabika Toraja Gandangbatu Arabika Espresso Based kemasan baru 200 gram,allingonly,5,positive,0.9272624822333456,
556,Kopi Arabika Toraja Gandangbatu Arabika Espresso Based kemasan baru 200 gram,bamastart,5,positive,0.9272624822333456,
558,Kopi Arabika Toraja Gandangbatu Arabika Espresso Based kemasan baru 200 gram,syahrankarim,5,positive,0.9272624822333456,
560,Kopi Arabika Toraja Gandangbatu Arabika Espresso Based kemasan baru 200 gram,e*****d,5,positive,0.9272624822333456,
562,Kopi Arabika Toraja Gandangbatu Arabika Espresso Based kemasan baru 200 gram,kurniawan057,5,positive,0.9272624822333456,
564,Kopi Arabika Toraja Gandangbatu Arabika Espresso Based kemasan baru 200 gram,raekala14,5,positive,0.9272624822333456,
566,Kopi Arabika Toraja Gandangbatu Arabika Espresso Based kemasan baru 200 gram,as.warrr,5,positive,0.9272624822333456,
568,Kopi Arabika Toraja Gandangbatu Arabika Espresso Based kemasan baru 200 gram,rudolfosura70,5,positive,0.9272624822333456,
570,Kopi Arabika Toraja Gandangbatu Arabika Espresso Based kemasan baru 200 gram,wawanapriyan,5,positive,0.9272624822333456,
572,Kopi Arabika Toraja Gandangbatu Arabika Espresso Based kemasan baru 200 gram,yogsaf,5,positive,0.9272624822333456,
574,Kopi Arabika Toraja Gandangbatu Arabika Espresso Based kemasan baru 200 gram,haidaralys14,5,positive,0.9272624822333456,
578,Kopi Arabika Toraja Gandangbatu Arabika Espresso Based kemasan baru 200 gram,alservice_,5,positive,0.9272624822333456,
580,Kopi Arabika Toraja Gandangbatu Arabika Espresso Based kemasan baru 200 gram,i*****n,5,positive,0.9272624822333456,
582,Kopi Arabika Toraja Gandangbatu Arabika Espresso Based kemasan baru 200 gram,meutia.farida,5,positive,0.9272624822333456,
584,Kopi Arabika Toraja Gandangbatu Arabika Espresso Based kemasan baru 200 gram,iwandhiy,5,positive,0.9272624822333456,
586,Kopi Arabika Toraja Gandangbatu Arabika Espresso Based kemasan baru 200 gram,ruqayyahjamaluddin202,5,positive,0.9272624822333456,
588,Kopi Arabika Toraja Gandangbatu Arabika Espresso Based kemasan baru 200 gram,6vo0_oie62,5,positive,0.9272624822333456,
590,Kopi Arabika Toraja Gandangbatu Arabika Espresso Based kemasan baru 200 gram,emasukmawatyid,5,positive,0.9272624822333456,
592,Kopi Arabika Toraja Gandangbatu Arabika Espresso Based kemasan baru 200 gram,kifly_rewa,5,positive,0.9272624822333456,
594,Kopi Arabika Toraja Gandangbatu Arabika Espresso Based kemasan baru 200 gram,muly93,5,positive,0.9272624822333456,
596,Kopi Arabika Toraja Gandangbatu Arabika Espresso Based kemasan baru 200 gram,agipratama,5,positive,0.9272624822333456,
598,Kopi Arabika Toraja Gandangbatu Arabika Espresso Based kemasan baru 200 gram,r*****n,5,positive,0.9272624822333456,
600,Kopi Arabika Toraja Gandangbatu Arabika Espresso Based kemasan baru 200 gram,anwaranty805,5,positive,0.9272624822333456,
602,Kopi Arabika Toraja Gandangbatu Arabika Espresso Based kemasan baru 200 gram,asarahzarkia07,5,positive,0.9272624822333456,
604,Kopi Arabika Toraja Gandangbatu Arabika Espresso Based kemasan baru 200 gram,realmae461,5,positive,0.9272624822333456,
606,Kopi Arabika Toraja Gandangbatu Arabika Espresso Based kemasan baru 200 gram,abdulhadi16,5,positive,0.9272624822333456,
608,Kopi Arabika Toraja Gandangbatu Arabika Espresso Based kemasan baru 200 gram,adicakramusi,5,positive,0.9272624822333456,
610,Kopi Arabika Toraja Gandangbatu Arabika Espresso Based kemasan baru 200 gram,akdaz08527,5,positive,0.9272624822333456,
612,Kopi Arabika Toraja Gandangbatu Arabika Espresso Based kemasan baru 200 gram,samuelmuljanto,5,positive,0.9272624822333456,
614,Kopi Arabika Toraja Gandangbatu Arabika Espresso Based kemasan baru 200 gram,kivlan19,5,positive,0.9272624822333456,
616,Kopi Arabika Toraja Gandangbatu Arabika Espresso Based kemasan baru 200 gram,jumarbanten,5,positive,0.9272624822333456,
618,Kopi Arabika Toraja Gandangbatu Arabika Espresso Based kemasan baru 200 gram,h8zo7ub2rp,5,positive,0.9272624822333456,
620,Kopi Arabika Toraja Gandangbatu Arabika Espresso Based kemasan baru 200 gram,realmae461,5,positive,0.9272624822333456,
622,Kopi Arabika Toraja Gandangbatu Arabika Espresso Based kemasan baru 200 gram,fandi3355,5,positive,0.9272624822333456,
624,Kopi Arabika Toraja Gandangbatu Arabika Espresso Based kemasan baru 200 gram,c*****o,5,positive,0.9272624822333456,
626,Kopi Arabika Toraja Gandangbatu Arabika Espresso Based kemasan baru 200 gram,myusufpatappe,5,positive,0.9272624822333456,
628,Kopi Arabika Toraja Gandangbatu Arabika Espresso Based kemasan baru 200 gram,fajarresky,5,positive,0.9272624822333456,
630,Kopi Arabika Toraja Gandangbatu Arabika Espresso Based kemasan baru 200 gram,m*****_,5,positive,0.9272624822333456,
632,Kopi Arabika Toraja Gandangbatu Arabika Espresso Based kemasan baru 200 gram,r*****e,5,positive,0.9272624822333456,
638,Kopi Arabika Toraja Gandangbatu Arabika Espresso Based kemasan baru 200 gram,a*****5,5,positive,0.9272624822333456,
97,KOPI TORAJA BLEND ARABIKA ROBUSTA 50 50 BIJI SANGRAI ATAU BUBUK HARUM,anindarahayuu,5,positive,0.9272624887526036,
99,KOPI TORAJA BLEND ARABIKA ROBUSTA 50 50 BIJI SANGRAI ATAU BUBUK HARUM,nurulmagfirah829,5,positive,0.9272624887526036,
103,KOPI TORAJA BLEND ARABIKA ROBUSTA 50 50 BIJI SANGRAI ATAU BUBUK HARUM,icha09juni,5,positive,0.9272624887526036,
105,KOPI TORAJA BLEND ARABIKA ROBUSTA 50 50 BIJI SANGRAI ATAU BUBUK HARUM,alexpaijoo,5,positive,0.9272624887526036,
107,KOPI TORAJA BLEND ARABIKA ROBUSTA 50 50 BIJI SANGRAI ATAU BUBUK HARUM,iccankzhar,5,positive,0.9272624887526036,
109,KOPI TORAJA BLEND ARABIKA ROBUSTA 50 50 BIJI SANGRAI ATAU BUBUK HARUM,mukhtasyam_maulana,5,positive,0.9272624887526036,
113,KOPI TORAJA BLEND ARABIKA ROBUSTA 50 50 BIJI SANGRAI ATAU BUBUK HARUM,n*****n,5,positive,0.9272624887526036,
115,KOPI TORAJA BLEND ARABIKA ROBUSTA 50 50 BIJI SANGRAI ATAU BUBUK HARUM,kwon0818,5,positive,0.9272624887526036,
117,KOPI TORAJA BLEND ARABIKA ROBUSTA 50 50 BIJI SANGRAI ATAU BUBUK HARUM,h*****2,5,positive,0.9272624887526036,
119,KOPI TORAJA BLEND ARABIKA ROBUSTA 50 50 BIJI SANGRAI ATAU BUBUK HARUM,tuankelana577,5,positive,0.9272624887526036,
121,KOPI TORAJA BLEND ARABIKA ROBUSTA 50 50 BIJI SANGRAI ATAU BUBUK HARUM,risdaoktafianaa,5,positive,0.9272624887526036,
123,KOPI TORAJA BLEND ARABIKA ROBUSTA 50 50 BIJI SANGRAI ATAU BUBUK HARUM,asmadailywear,5,positive,0.9272624887526036,
125,KOPI TORAJA BLEND ARABIKA ROBUSTA 50 50 BIJI SANGRAI ATAU BUBUK HARUM,maipaofficial92,5,positive,0.9272624887526036,
129,KOPI TORAJA BLEND ARABIKA ROBUSTA 50 50 BIJI SANGRAI ATAU BUBUK HARUM,ashar33,5,positive,0.9272624887526036,
131,KOPI TORAJA BLEND ARABIKA ROBUSTA 50 50 BIJI SANGRAI ATAU BUBUK HARUM,rahmaniarr,5,positive,0.9272624887526036,
133,KOPI TORAJA BLEND ARABIKA ROBUSTA 50 50 BIJI SANGRAI ATAU BUBUK HARUM,kikireskia,5,positive,0.9272624887526036,
135,KOPI TORAJA BLEND ARABIKA ROBUSTA 50 50 BIJI SANGRAI ATAU BUBUK HARUM,f*****i,5,positive,0.9272624887526036,
137,KOPI TORAJA BLEND ARABIKA ROBUSTA 50 50 BIJI SANGRAI ATAU BUBUK HARUM,dwiyarizkani,5,positive,0.9272624887526036,
139,KOPI TORAJA BLEND ARABIKA ROBUSTA 50 50 BIJI SANGRAI ATAU BUBUK HARUM,almy2086,5,positive,0.9272624887526036,
141,KOPI TORAJA BLEND ARABIKA ROBUSTA 50 50 BIJI SANGRAI ATAU BUBUK HARUM,fauzanazima27,5,positive,0.9272624887526036,
145,KOPI TORAJA BLEND ARABIKA ROBUSTA 50 50 BIJI SANGRAI ATAU BUBUK HARUM,dzikrikkiii,5,positive,0.9272624887526036,
147,KOPI TORAJA BLEND ARABIKA ROBUSTA 50 50 BIJI SANGRAI ATAU BUBUK HARUM,iyanggggg18,5,positive,0.9272624887526036,
149,KOPI TORAJA BLEND ARABIKA ROBUSTA 50 50 BIJI SANGRAI ATAU BUBUK HARUM,mutii_1905,5,positive,0.9272624887526036,
151,KOPI TORAJA BLEND ARABIKA ROBUSTA 50 50 BIJI SANGRAI ATAU BUBUK HARUM,rizkiputrapratama709,5,positive,0.9272624887526036,
153,KOPI TORAJA BLEND ARABIKA ROBUSTA 50 50 BIJI SANGRAI ATAU BUBUK HARUM,dhavmfpkvc,5,positive,0.9272624887526036,
155,KOPI TORAJA BLEND ARABIKA ROBUSTA 50 50 BIJI SANGRAI ATAU BUBUK HARUM,moh.fahrezi,5,positive,0.9272624887526036,
157,KOPI TORAJA BLEND ARABIKA ROBUSTA 50 50 BIJI SANGRAI ATAU BUBUK HARUM,unknown,5,positive,0.9272624887526036,
163,KOPI TORAJA BLEND ARABIKA ROBUSTA 50 50 BIJI SANGRAI ATAU BUBUK HARUM,erika3012,5,positive,0.9272624887526036,
165,KOPI TORAJA BLEND ARABIKA ROBUSTA 50 50 BIJI SANGRAI ATAU BUBUK HARUM,c*****t,5,positive,0.9272624887526036,
167,KOPI TORAJA BLEND ARABIKA ROBUSTA 50 50 BIJI SANGRAI ATAU BUBUK HARUM,idaharyani94,5,positive,0.9272624887526036,
169,KOPI TORAJA BLEND ARABIKA ROBUSTA 50 50 BIJI SANGRAI ATAU BUBUK HARUM,s*****_,5,positive,0.9272624887526036,
171,KOPI TORAJA BLEND ARABIKA ROBUSTA 50 50 BIJI SANGRAI ATAU BUBUK HARUM,genendhitasari0612,5,positive,0.9272624887526036,
173,KOPI TORAJA BLEND ARABIKA ROBUSTA 50 50 BIJI SANGRAI ATAU BUBUK HARUM,ahmadimams99,5,positive,0.9272624887526036,
177,KOPI TORAJA BLEND ARABIKA ROBUSTA 50 50 BIJI SANGRAI ATAU BUBUK HARUM,ekkabee,5,positive,0.9272624887526036,
179,KOPI TORAJA BLEND ARABIKA ROBUSTA 50 50 BIJI SANGRAI ATAU BUBUK HARUM,ismairawan,5,positive,0.9272624887526036,
181,KOPI TORAJA BLEND ARABIKA ROBUSTA 50 50 BIJI SANGRAI ATAU BUBUK HARUM,muhammadrizkianugrah,5,positive,0.9272624887526036,
183,KOPI TORAJA BLEND ARABIKA ROBUSTA 50 50 BIJI SANGRAI ATAU BUBUK HARUM,m*****a,5,positive,0.9272624887526036,
185,KOPI TORAJA BLEND ARABIKA ROBUSTA 50 50 BIJI SANGRAI ATAU BUBUK HARUM,senja_puspita,5,positive,0.9272624887526036,
193,KOPI TORAJA BLEND ARABIKA ROBUSTA 50 50 BIJI SANGRAI ATAU BUBUK HARUM,yusnaedasygpace,5,positive,0.9272624887526036,
195,KOPI TORAJA BLEND ARABIKA ROBUSTA 50 50 BIJI SANGRAI ATAU BUBUK HARUM,adnananwar85,5,positive,0.9272624887526036,
197,KOPI TORAJA BLEND ARABIKA ROBUSTA 50 50 BIJI SANGRAI ATAU BUBUK HARUM,adnananwar85,5,positive,0.9272624887526036,
199,KOPI TORAJA BLEND ARABIKA ROBUSTA 50 50 BIJI SANGRAI ATAU BUBUK HARUM,fadilsaid,5,positive,0.9272624887526036,
201,KOPI TORAJA BLEND ARABIKA ROBUSTA 50 50 BIJI SANGRAI ATAU BUBUK HARUM,fitrisb93,5,positive,0.9272624887526036,
203,KOPI TORAJA BLEND ARABIKA ROBUSTA 50 50 BIJI SANGRAI ATAU BUBUK HARUM,ufayanti,5,positive,0.9272624887526036,
205,KOPI TORAJA BLEND ARABIKA ROBUSTA 50 50 BIJI SANGRAI ATAU BUBUK HARUM,puspito.11,5,positive,0.9272624887526036,
209,KOPI TORAJA BLEND ARABIKA ROBUSTA 50 50 BIJI SANGRAI ATAU BUBUK HARUM,yogy_aminudin,5,positive,0.9272624887526036,
211,KOPI TORAJA BLEND ARABIKA ROBUSTA 50 50 BIJI SANGRAI ATAU BUBUK HARUM,f*****s,5,positive,0.9272624887526036,
213,KOPI TORAJA BLEND ARABIKA ROBUSTA 50 50 BIJI SANGRAI ATAU BUBUK HARUM,meladiaswi,5,positive,0.9272624887526036,
215,KOPI TORAJA BLEND ARABIKA ROBUSTA 50 50 BIJI SANGRAI ATAU BUBUK HARUM,dhean_c6,5,positive,0.9272624887526036,
217,KOPI TORAJA BLEND ARABIKA ROBUSTA 50 50 BIJI SANGRAI ATAU BUBUK HARUM,irsansaputra12,5,positive,0.9272624887526036,
219,KOPI TORAJA BLEND ARABIKA ROBUSTA 50 50 BIJI SANGRAI ATAU BUBUK HARUM,l*****o,5,positive,0.9272624887526036,
221,KOPI TORAJA BLEND ARABIKA ROBUSTA 50 50 BIJI SANGRAI ATAU BUBUK HARUM,nginz.merrylin,5,positive,0.9272624887526036,
225,KOPI TORAJA BLEND ARABIKA ROBUSTA 50 50 BIJI SANGRAI ATAU BUBUK HARUM,devinaw2536,5,positive,0.9272624887526036,
227,KOPI TORAJA BLEND ARABIKA ROBUSTA 50 50 BIJI SANGRAI ATAU BUBUK HARUM,rayab3sudirman..,5,positive,0.9272624887526036,
229,KOPI TORAJA BLEND ARABIKA ROBUSTA 50 50 BIJI SANGRAI ATAU BUBUK HARUM,rhmt_fdnt,5,positive,0.9272624887526036,
231,KOPI TORAJA BLEND ARABIKA ROBUSTA 50 50 BIJI SANGRAI ATAU BUBUK HARUM,busraajalah,5,positive,0.9272624887526036,
233,KOPI TORAJA BLEND ARABIKA ROBUSTA 50 50 BIJI SANGRAI ATAU BUBUK HARUM,11sailirrahman,5,positive,0.9272624887526036,
235,KOPI TORAJA BLEND ARABIKA ROBUSTA 50 50 BIJI SANGRAI ATAU BUBUK HARUM,asepsetiawan41235,5,positive,0.9272624887526036,
237,KOPI TORAJA BLEND ARABIKA ROBUSTA 50 50 BIJI SANGRAI ATAU BUBUK HARUM,beny2511,5,positive,0.9272624887526036,
241,KOPI TORAJA BLEND ARABIKA ROBUSTA 50 50 BIJI SANGRAI ATAU BUBUK HARUM,call420,5,positive,0.9272624887526036,
243,KOPI TORAJA BLEND ARABIKA ROBUSTA 50 50 BIJI SANGRAI ATAU BUBUK HARUM,rahmatzz3321,5,positive,0.9272624887526036,
245,KOPI TORAJA BLEND ARABIKA ROBUSTA 50 50 BIJI SANGRAI ATAU BUBUK HARUM,abdulwahid50cent,5,positive,0.9272624887526036,
247,KOPI TORAJA BLEND ARABIKA ROBUSTA 50 50 BIJI SANGRAI ATAU BUBUK HARUM,diahsaffa,5,positive,0.9272624887526036,
249,KOPI TORAJA BLEND ARABIKA ROBUSTA 50 50 BIJI SANGRAI ATAU BUBUK HARUM,muhyunus16,5,positive,0.9272624887526036,
251,KOPI TORAJA BLEND ARABIKA ROBUSTA 50 50 BIJI SANGRAI ATAU BUBUK HARUM,fajarresky,5,positive,0.9272624887526036,
253,KOPI TORAJA BLEND ARABIKA ROBUSTA 50 50 BIJI SANGRAI ATAU BUBUK HARUM,n*****g,5,positive,0.9272624887526036,
257,KOPI TORAJA BLEND ARABIKA ROBUSTA 50 50 BIJI SANGRAI ATAU BUBUK HARUM,zaldyzamalik10,5,positive,0.9272624887526036,
259,KOPI TORAJA BLEND ARABIKA ROBUSTA 50 50 BIJI SANGRAI ATAU BUBUK HARUM,h035arkb5n,5,positive,0.9272624887526036,
261,KOPI TORAJA BLEND ARABIKA ROBUSTA 50 50 BIJI SANGRAI ATAU BUBUK HARUM,andiencantikk02,5,positive,0.9272624887526036,
263,KOPI TORAJA BLEND ARABIKA ROBUSTA 50 50 BIJI SANGRAI ATAU BUBUK HARUM,hendra010509,5,positive,0.9272624887526036,
265,KOPI TORAJA BLEND ARABIKA ROBUSTA 50 50 BIJI SANGRAI ATAU BUBUK HARUM,saiful251297,5,positive,0.9272624887526036,
267,KOPI TORAJA BLEND ARABIKA ROBUSTA 50 50 BIJI SANGRAI ATAU BUBUK HARUM,abdulahrahman09,5,positive,0.9272624887526036,
269,KOPI TORAJA BLEND ARABIKA ROBUSTA 50 50 BIJI SANGRAI ATAU BUBUK HARUM,l*****1,5,positive,0.9272624887526036,
273,KOPI TORAJA BLEND ARABIKA ROBUSTA 50 50 BIJI SANGRAI ATAU BUBUK HARUM,faradibaris,5,positive,0.9272624887526036,
275,KOPI TORAJA BLEND ARABIKA ROBUSTA 50 50 BIJI SANGRAI ATAU BUBUK HARUM,gulistan_aa,5,positive,0.9272624887526036,
277,KOPI TORAJA BLEND ARABIKA ROBUSTA 50 50 BIJI SANGRAI ATAU BUBUK HARUM,kaylajarahman,5,positive,0.9272624887526036,
279,KOPI TORAJA BLEND ARABIKA ROBUSTA 50 50 BIJI SANGRAI ATAU BUBUK HARUM,sodikinmohammad127,5,positive,0.9272624887526036,
281,KOPI TORAJA BLEND ARABIKA ROBUSTA 50 50 BIJI SANGRAI ATAU BUBUK HARUM,bgassri_,5,positive,0.9272624887526036,
283,KOPI TORAJA BLEND ARABIKA ROBUSTA 50 50 BIJI SANGRAI ATAU BUBUK HARUM,rahumalfiqri12,5,positive,0.9272624887526036,
285,KOPI TORAJA BLEND ARABIKA ROBUSTA 50 50 BIJI SANGRAI ATAU BUBUK HARUM,f*****s,5,positive,0.9272624887526036,
289,KOPI TORAJA BLEND ARABIKA ROBUSTA 50 50 BIJI SANGRAI ATAU BUBUK HARUM,k*****_,5,positive,0.9272624887526036,
291,KOPI TORAJA BLEND ARABIKA ROBUSTA 50 50 BIJI SANGRAI ATAU BUBUK HARUM,daffalunaku,5,positive,0.9272624887526036,
293,KOPI TORAJA BLEND ARABIKA ROBUSTA 50 50 BIJI SANGRAI ATAU BUBUK HARUM,marrs.id,5,positive,0.9272624887526036,
295,KOPI TORAJA BLEND ARABIKA ROBUSTA 50 50 BIJI SANGRAI ATAU BUBUK HARUM,9zkeqbp244,5,positive,0.9272624887526036,
297,KOPI TORAJA BLEND ARABIKA ROBUSTA 50 50 BIJI SANGRAI ATAU BUBUK HARUM,mqsihauoeh,5,positive,0.9272624887526036,
299,KOPI TORAJA BLEND ARABIKA ROBUSTA 50 50 BIJI SANGRAI ATAU BUBUK HARUM,marzocchibadriawan,5,positive,0.9272624887526036,
301,KOPI TORAJA BLEND ARABIKA ROBUSTA 50 50 BIJI SANGRAI ATAU BUBUK HARUM,_asdarr,5,positive,0.9272624887526036,
305,KOPI TORAJA BLEND ARABIKA ROBUSTA 50 50 BIJI SANGRAI ATAU BUBUK HARUM,ardisuardi184,5,positive,0.9272624887526036,
307,KOPI TORAJA BLEND ARABIKA ROBUSTA 50 50 BIJI SANGRAI ATAU BUBUK HARUM,umar0123456,5,positive,0.9272624887526036,
309,KOPI TORAJA BLEND ARABIKA ROBUSTA 50 50 BIJI SANGRAI ATAU BUBUK HARUM,lantang2,5,positive,0.9272624887526036,
311,KOPI TORAJA BLEND ARABIKA ROBUSTA 50 50 BIJI SANGRAI ATAU BUBUK HARUM,innejonatan,5,positive,0.9272624887526036,
313,KOPI TORAJA BLEND ARABIKA ROBUSTA 50 50 BIJI SANGRAI ATAU BUBUK HARUM,innejonatan,5,positive,0.9272624887526036,
315,KOPI TORAJA BLEND ARABIKA ROBUSTA 50 50 BIJI SANGRAI ATAU BUBUK HARUM,sintasitimaesaroh,5,positive,0.9272624887526036,
317,KOPI TORAJA BLEND ARABIKA ROBUSTA 50 50 BIJI SANGRAI ATAU BUBUK HARUM,wahyueddy829,5,positive,0.9272624887526036,
449,Kopi Arabika Toraja Gandangbatu Arabika Espresso Based kemasan baru 200 gram,h*****j,5,positive,0.9272624887526036,
453,Kopi Arabika Toraja Gandangbatu Arabika Espresso Based kemasan baru 200 gram,alvitraazhari,5,positive,0.9272624887526036,
455,Kopi Arabika Toraja Gandangbatu Arabika Espresso Based kemasan baru 200 gram,fauzanazima27,5,positive,0.9272624887526036,
457,Kopi Arabika Toraja Gandangbatu Arabika Espresso Based kemasan baru 200 gram,asrianiwina,5,positive,0.9272624887526036,
459,Kopi Arabika Toraja Gandangbatu Arabika Espresso Based kemasan baru 200 gram,i*****n,5,positive,0.9272624887526036,
461,Kopi Arabika Toraja Gandangbatu Arabika Espresso Based kemasan baru 200 gram,arif021087,5,positive,0.9272624887526036,
465,Kopi Arabika Toraja Gandangbatu Arabika Espresso Based kemasan baru 200 gram,qasims,5,positive,0.9272624887526036,
467,Kopi Arabika Toraja Gandangbatu Arabika Espresso Based kemasan baru 200 gram,nurulmagfirah829,5,positive,0.9272624887526036,
469,Kopi Arabika Toraja Gandangbatu Arabika Espresso Based kemasan baru 200 gram,b*****1,5,positive,0.9272624887526036,
471,Kopi Arabika Toraja Gandangbatu Arabika Espresso Based kemasan baru 200 gram,a*****s,5,positive,0.9272624887526036,
473,Kopi Arabika Toraja Gandangbatu Arabika Espresso Based kemasan baru 200 gram,almy2086,5,positive,0.9272624887526036,
475,Kopi Arabika Toraja Gandangbatu Arabika Espresso Based kemasan baru 200 gram,garrygifi,5,positive,0.9272624887526036,
477,Kopi Arabika Toraja Gandangbatu Arabika Espresso Based kemasan baru 200 gram,yone99,5,positive,0.9272624887526036,
481,Kopi Arabika Toraja Gandangbatu Arabika Espresso Based kemasan baru 200 gram,yone99,5,positive,0.9272624887526036,
483,Kopi Arabika Toraja Gandangbatu Arabika Espresso Based kemasan baru 200 gram,rockopi_id,5,positive,0.9272624887526036,
485,Kopi Arabika Toraja Gandangbatu Arabika Espresso Based kemasan baru 200 gram,fauzan_sabar,5,positive,0.9272624887526036,
487,Kopi Arabika Toraja Gandangbatu Arabika Espresso Based kemasan baru 200 gram,rheza8833,5,positive,0.9272624887526036,
489,Kopi Arabika Toraja Gandangbatu Arabika Espresso Based kemasan baru 200 gram,rheza8833,5,positive,0.9272624887526036,
491,Kopi Arabika Toraja Gandangbatu Arabika Espresso Based kemasan baru 200 gram,sociopedia,5,positive,0.9272624887526036,
493,Kopi Arabika Toraja Gandangbatu Arabika Espresso Based kemasan baru 200 gram,kurniawan057,5,positive,0.9272624887526036,
497,Kopi Arabika Toraja Gandangbatu Arabika Espresso Based kemasan baru 200 gram,asdianti24,5,positive,0.9272624887526036,
499,Kopi Arabika Toraja Gandangbatu Arabika Espresso Based kemasan baru 200 gram,rahmaniarr,5,positive,0.9272624887526036,
501,Kopi Arabika Toraja Gandangbatu Arabika Espresso Based kemasan baru 200 gram,hikenn_no_ace,5,positive,0.9272624887526036,
503,Kopi Arabika Toraja Gandangbatu Arabika Espresso Based kemasan baru 200 gram,h*****j,5,positive,0.9272624887526036,
505,Kopi Arabika Toraja Gandangbatu Arabika Espresso Based kemasan baru 200 gram,f*****8,5,positive,0.9272624887526036,
507,Kopi Arabika Toraja Gandangbatu Arabika Espresso Based kemasan baru 200 gram,m3toolshop,5,positive,0.9272624887526036,
509,Kopi Arabika Toraja Gandangbatu Arabika Espresso Based kemasan baru 200 gram,hendraliemowa,5,positive,0.9272624887526036,
513,Kopi Arabika Toraja Gandangbatu Arabika Espresso Based kemasan baru 200 gram,mochammad_riza99,5,positive,0.9272624887526036,
515,Kopi Arabika Toraja Gandangbatu Arabika Espresso Based kemasan baru 200 gram,nia060689,5,positive,0.9272624887526036,
517,Kopi Arabika Toraja Gandangbatu Arabika Espresso Based kemasan baru 200 gram,rezkykumalasari,5,positive,0.9272624887526036,
519,Kopi Arabika Toraja Gandangbatu Arabika Espresso Based kemasan baru 200 gram,garrygifi,5,positive,0.9272624887526036,
521,Kopi Arabika Toraja Gandangbatu Arabika Espresso Based kemasan baru 200 gram,jo_siregar,5,positive,0.9272624887526036,
523,Kopi Arabika Toraja Gandangbatu Arabika Espresso Based kemasan baru 200 gram,wawanapriyan,5,positive,0.9272624887526036,
525,Kopi Arabika Toraja Gandangbatu Arabika Espresso Based kemasan baru 200 gram,b055r,5,positive,0.9272624887526036,
529,Kopi Arabika Toraja Gandangbatu Arabika Espresso Based kemasan baru 200 gram,wawanapriyan,5,positive,0.9272624887526036,
533,Kopi Arabika Toraja Gandangbatu Arabika Espresso Based kemasan baru 200 gram,s*****_,5,positive,0.9272624887526036,
535,Kopi Arabika Toraja Gandangbatu Arabika Espresso Based kemasan baru 200 gram,rianayuliantika,5,positive,0.9272624887526036,
537,Kopi Arabika Toraja Gandangbatu Arabika Espresso Based kemasan baru 200 gram,h*****j,5,positive,0.9272624887526036,
539,Kopi Arabika Toraja Gandangbatu Arabika Espresso Based kemasan baru 200 gram,f*****h,5,positive,0.9272624887526036,
541,Kopi Arabika Toraja Gandangbatu Arabika Espresso Based kemasan baru 200 gram,edal9999,5,positive,0.9272624887526036,
545,Kopi Arabika Toraja Gandangbatu Arabika Espresso Based kemasan baru 200 gram,a*****i,5,positive,0.9272624887526036,
547,Kopi Arabika Toraja Gandangbatu Arabika Espresso Based kemasan baru 200 gram,byrnld,5,positive,0.9272624887526036,
549,Kopi Arabika Toraja Gandangbatu Arabika Espresso Based kemasan baru 200 gram,rfikaa,5,positive,0.9272624887526036,
551,Kopi Arabika Toraja Gandangbatu Arabika Espresso Based kemasan baru 200 gram,temlutemonjo,5,positive,0.9272624887526036,
553,Kopi Arabika Toraja Gandangbatu Arabika Espresso Based kemasan baru 200 gram,unknown,5,positive,0.9272624887526036,
555,Kopi Arabika Toraja Gandangbatu Arabika Espresso Based kemasan baru 200 gram,yusufhabibie1123,5,positive,0.9272624887526036,
557,Kopi Arabika Toraja Gandangbatu Arabika Espresso Based kemasan baru 200 gram,irma112322haeruddin,5,positive,0.9272624887526036,
561,Kopi Arabika Toraja Gandangbatu Arabika Espresso Based kemasan baru 200 gram,imambudimanjk,5,positive,0.9272624887526036,
563,Kopi Arabika Toraja Gandangbatu Arabika Espresso Based kemasan baru 200 gram,anthon3ta,5,positive,0.9272624887526036,
565,Kopi Arabika Toraja Gandangbatu Arabika Espresso Based kemasan baru 200 gram,edil_wijaya,5,positive,0.9272624887526036,
567,Kopi Arabika Toraja Gandangbatu Arabika Espresso Based kemasan baru 200 gram,rudolfosura70,5,positive,0.9272624887526036,
569,Kopi Arabika Toraja Gandangbatu Arabika Espresso Based kemasan baru 200 gram,rudyanto26,5,positive,0.9272624887526036,
571,Kopi Arabika Toraja Gandangbatu Arabika Espresso Based kemasan baru 200 gram,rayab3sudirman..,5,positive,0.9272624887526036,
573,Kopi Arabika Toraja Gandangbatu Arabika Espresso Based kemasan baru 200 gram,germato83,5,positive,0.9272624887526036,
577,Kopi Arabika Toraja Gandangbatu Arabika Espresso Based kemasan baru 200 gram,thomz_arts,5,positive,0.9272624887526036,
579,Kopi Arabika Toraja Gandangbatu Arabika Espresso Based kemasan baru 200 gram,subhan_87,5,positive,0.9272624887526036,
581,Kopi Arabika Toraja Gandangbatu Arabika Espresso Based kemasan baru 200 gram,zainalazha044,5,positive,0.9272624887526036,
583,Kopi Arabika Toraja Gandangbatu Arabika Espresso Based kemasan baru 200 gram,3zzpt2cf1d,5,positive,0.9272624887526036,
585,Kopi Arabika Toraja Gandangbatu Arabika Espresso Based kemasan baru 200 gram,armandarmand870,5,positive,0.9272624887526036,
587,Kopi Arabika Toraja Gandangbatu Arabika Espresso Based kemasan baru 200 gram,virzanirarifzanil,5,positive,0.9272624887526036,
589,Kopi Arabika Toraja Gandangbatu Arabika Espresso Based kemasan baru 200 gram,vvinterarc,5,positive,0.9272624887526036,
593,Kopi Arabika Toraja Gandangbatu Arabika Espresso Based kemasan baru 200 gram,mujionomuji918,5,positive,0.9272624887526036,
595,Kopi Arabika Toraja Gandangbatu Arabika Espresso Based kemasan baru 200 gram,vvinterarc,5,positive,0.9272624887526036,
597,Kopi Arabika Toraja Gandangbatu Arabika Espresso Based kemasan baru 200 gram,vvinterarc,5,positive,0.9272624887526036,
599,Kopi Arabika Toraja Gandangbatu Arabika Espresso Based kemasan baru 200 gram,ruqayyahjamaluddin202,5,positive,0.9272624887526036,
601,Kopi Arabika Toraja Gandangbatu Arabika Espresso Based kemasan baru 200 gram,emasukmawatyid,5,positive,0.9272624887526036,
603,Kopi Arabika Toraja Gandangbatu Arabika Espresso Based kemasan baru 200 gram,wahyunigusry92,5,positive,0.9272624887526036,
605,Kopi Arabika Toraja Gandangbatu Arabika Espresso Based kemasan baru 200 gram,harukonaomi,5,positive,0.9272624887526036,
609,Kopi Arabika Toraja Gandangbatu Arabika Espresso Based kemasan baru 200 gram,meisypapayungan,5,positive,0.9272624887526036,
611,Kopi Arabika Toraja Gandangbatu Arabika Espresso Based kemasan baru 200 gram,r*****1,5,positive,0.9272624887526036,
613,Kopi Arabika Toraja Gandangbatu Arabika Espresso Based kemasan baru 200 gram,perwirasaktii,5,positive,0.9272624887526036,
615,Kopi Arabika Toraja Gandangbatu Arabika Espresso Based kemasan baru 200 gram,r36d3q8sh6,5,positive,0.9272624887526036,
617,Kopi Arabika Toraja Gandangbatu Arabika Espresso Based kemasan baru 200 gram,i*****8,5,positive,0.9272624887526036,
619,Kopi Arabika Toraja Gandangbatu Arabika Espresso Based kemasan baru 200 gram,g*****s,5,positive,0.9272624887526036,
621,Kopi Arabika Toraja Gandangbatu Arabika Espresso Based kemasan baru 200 gram,hafizzhh14,5,positive,0.9272624887526036,
625,Kopi Arabika Toraja Gandangbatu Arabika Espresso Based kemasan baru 200 gram,muhammadridlo387,5,positive,0.9272624887526036,
627,Kopi Arabika Toraja Gandangbatu Arabika Espresso Based kemasan baru 200 gram,ponco59,5,positive,0.9272624887526036,
629,Kopi Arabika Toraja Gandangbatu Arabika Espresso Based kemasan baru 200 gram,muh_aswar,5,positive,0.9272624887526036,
631,Kopi Arabika Toraja Gandangbatu Arabika Espresso Based kemasan baru 200 gram,r36d3q8sh6,5,positive,0.9272624887526036,
637,Kopi Arabika Toraja Gandangbatu Arabika Espresso Based kemasan baru 200 gram,imamstf13,5,positive,0.9272624887526036,
403,Kopi Arabika Toraja Gandangbatu Arabika Espresso Based kemasan baru 200 gram,a*****r,5,positive,0.9368225809885188,"Pesanan sesuai, respon penjual cepat, pengiriman juga cepat, packing ok.q"
649,Kopi Arabika Toraja Perindingan 1kg Bubuk atau Biji Specialty Coffee,aras_m,5,positive,0.955230750143528,Terimakasih bosnusnya
5,KOPI TORAJA BLEND ARABIKA ROBUSTA 50 50 BIJI SANGRAI ATAU BUBUK HARUM,rikayunitasari77,5,positive,0.9592364532873034,"repurchase wajib ini👍🏻👍🏻👍🏻👍🏻, baru buka aroma udah menggoda, di lambung relatif aman juga, rasa gak usah ragu, kopi berkelas harga waras ini mah hehehe, terima kasih Seller ya, ntar kunorder lagi, reccomended pake banget💥💥💥💥"
395,Kopi Arabika Toraja Gandangbatu Arabika Espresso Based kemasan baru 200 gram,r*****1,5,positive,0.9598859588732012,"Barang yang di kirim sesuai foto,kemasan bagus dan tiba di tujuan dgn aman."
8,KOPI TORAJA BLEND ARABIKA ROBUSTA 50 50 BIJI SANGRAI ATAU BUBUK HARUM,a*****i,5,positive,0.961947922827676,Pesanan sudah diterimaa dengan baik pengiriman cepat dibungkus dengan aman .
423,Kopi Arabika Toraja Gandangbatu Arabika Espresso Based kemasan baru 200 gram,evo_23,5,positive,0.9698399815824814,Order utk ke 2x nya..aromanya mantap 👍
37,KOPI TORAJA BLEND ARABIKA ROBUSTA 50 50 BIJI SANGRAI ATAU BUBUK HARUM,shalihin1997,5,positive,0.971463755122386,Belum coba. Tapi alhamdulillah paket sampai dengan selamat.
417,Kopi Arabika Toraja Gandangbatu Arabika Espresso Based kemasan baru 200 gram,dimasfachriza9905,5,positive,0.9795362278819084,Baik
4,KOPI TORAJA BLEND ARABIKA ROBUSTA 50 50 BIJI SANGRAI ATAU BUBUK HARUM,t*****l,5,positive,0.9841737663373352,"Mantapp memang,,, soal rasa kopi toraja gada obatt,,,salam kopi hitam👍"
50,KOPI TORAJA BLEND ARABIKA ROBUSTA 50 50 BIJI SANGRAI ATAU BUBUK HARUM,r*****e,5,positive,0.9848113199695944,favorit buat oleh-oleh
400,Kopi Arabika Toraja Gandangbatu Arabika Espresso Based kemasan baru 200 gram,novie.sumardi,5,positive,0.984990161145106,"Ternyata asli dari makassar.... Saya ngga nyangka awalnya. Coz dapet gratis ongkir. 🥰 Setelah CO payment baru nyadar klo lgsg dikirim dari Makassar. Terima kasih shopee.
Pengemasan oke dan aman. Pengiriman gercep. Tanggal produksi pun masih sangat baru. Baunya haruuummmm.... 
Terima kasih seller .... Semoga laris manis dagangannya."
337,Kertas Saring Kopi Drip Bag Coffee solusi kopi tanpa ampas,r*****4,5,positive,0.9851117762736976,"Drip bag coffeenya bagus, sesuai dengan yang dimau. Semoga drip bag coffeenya selalu restock biar bisa satu kali pesan dengan kopinya. Terima kasih 💙"
416,Kopi Arabika Toraja Gandangbatu Arabika Espresso Based kemasan baru 200 gram,a*****p,5,positive,0.9876671046949924,"Gak usah d ragukan lagi, sdh langganan lama, pengiriman jg cepat"
28,KOPI TORAJA BLEND ARABIKA ROBUSTA 50 50 BIJI SANGRAI ATAU BUBUK HARUM,kautsar21,5,positive,0.9883596965810284,"Sellernya super fast respon,barang yang dikirim juga aman dari makassar ke jawa. Thankyou seller!😍"
40,KOPI TORAJA BLEND ARABIKA ROBUSTA 50 50 BIJI SANGRAI ATAU BUBUK HARUM,daniojuventino,5,positive,0.9889206292573364,Terbaik ini
12,KOPI TORAJA BLEND ARABIKA ROBUSTA 50 50 BIJI SANGRAI ATAU BUBUK HARUM,anton007theant,5,positive,0.9893266181461512,"sekian lama menunggu seperti nya ini memuaskan, packing aman meski jauh. lain kali beli banyak kalau cafe kopi sudah berdiri. kurir ramah. kopi Toraja belum di coba baru di buka saja sudah wangy...sangat"
64,KOPI TORAJA BLEND ARABIKA ROBUSTA 50 50 BIJI SANGRAI ATAU BUBUK HARUM,muhhasrul29,5,positive,0.989669686416164,Tokonya amanah
56,KOPI TORAJA BLEND ARABIKA ROBUSTA 50 50 BIJI SANGRAI ATAU BUBUK HARUM,n*****h,5,positive,0.9900343099725432,"Pengiriman cepat, pengemasan bagus. Terimakasih banyak seller"
58,KOPI TORAJA BLEND ARABIKA ROBUSTA 50 50 BIJI SANGRAI ATAU BUBUK HARUM,alkhankeiran,5,positive,0.9906607773154974,"Terimakasih sudah sampai paketnya
Packing aman & good quality"
397,Kopi Arabika Toraja Gandangbatu Arabika Espresso Based kemasan baru 200 gram,fikram27,5,positive,0.9910938201937824,Saya beli sudah kesekian kali. Kualitas tdk diragukan. Sukses Kopi Gandang Batu!
356,Kopi Arabika Toraja Benteng Kado Phiter Tulak 200 gram Kopi Terbaik Indonesia 2016 versi AEKI,allingonly,5,positive,0.9911979401949792,kopi yang rasanya bold dan pahit strong mantap tidak terlalu asam mantap
41,KOPI TORAJA BLEND ARABIKA ROBUSTA 50 50 BIJI SANGRAI ATAU BUBUK HARUM,r*****e,5,positive,0.9914441689033991,favorit keluarga di jawa
648,Kopi Arabika Toraja Perindingan 1kg Bubuk atau Biji Specialty Coffee,r*****4,5,positive,0.9915831262478604,"Kopinya sangat harum, diantarnya juga cepat gak tunggu waktu lama. Sukses selalu. Terima kasih 😇💙"
60,KOPI TORAJA BLEND ARABIKA ROBUSTA 50 50 BIJI SANGRAI ATAU BUBUK HARUM,e*****w,5,positive,0.9931075659114867,Kopinya wangi...packingan aman tapi.
10,KOPI TORAJA BLEND ARABIKA ROBUSTA 50 50 BIJI SANGRAI ATAU BUBUK HARUM,fidywansaga,5,positive,0.9933337703114375,thankyou bonusnya.. harum skali vanilinya..
360,Kopi Arabika Toraja Benteng Kado Phiter Tulak 200 gram Kopi Terbaik Indonesia 2016 versi AEKI,b*****9,5,positive,0.9935789771843702,"Belum bisa menjelaskan rasa yang di dapat dari seduhan, yang jelas kopi ini enak, sudah beberapa kali order. 
20 gr ,giling medium, air 240 ml, suhu di bawah 90C."
436,Kopi Arabika Toraja Gandangbatu Arabika Espresso Based kemasan baru 200 gram,y*****9,5,positive,0.9937325477949344,Kualitas produk terjamin dengan kenikmatsn premium
413,Kopi Arabika Toraja Gandangbatu Arabika Espresso Based kemasan baru 200 gram,neriumoleander12,5,positive,0.9941688886028714,Mantap buat langsung seduh ataupun moccapot
422,Kopi Arabika Toraja Gandangbatu Arabika Espresso Based kemasan baru 200 gram,sufindra_kusnadi,5,positive,0.9943162229610608,"rasanya enak, seimbang, kompleks, manis, dengan sentuhan floral (bunga), fruity (buah), dan rempah"
420,Kopi Arabika Toraja Gandangbatu Arabika Espresso Based kemasan baru 200 gram,percobaantwitter,5,positive,0.9944404400885104,Bagus
405,Kopi Arabika Toraja Gandangbatu Arabika Espresso Based kemasan baru 200 gram,heri_widodo72,5,positive,0.9946653343504296,"sesuai haraoan, rekomended seller"
412,Kopi Arabika Toraja Gandangbatu Arabika Espresso Based kemasan baru 200 gram,bagusramaputra,5,positive,0.994742912473157,Pengiriman super cepat
437,Kopi Arabika Toraja Gandangbatu Arabika Espresso Based kemasan baru 200 gram,andiandrianus,5,positive,0.9947464326396585,"First time beli dsini..
Kopinya mantapp & pengiriman sgt cepat!!"
396,Kopi Arabika Toraja Gandangbatu Arabika Espresso Based kemasan baru 200 gram,ratuindahry,5,positive,0.994813732802868,Alhamdulillah paket sudah sampai dengan selamat dan sesuai dengan pesanan. Harga terjangkau sesuai dengan produknya. Belum d seduh sudah kecium wanginya. Terimakasih
399,Kopi Arabika Toraja Gandangbatu Arabika Espresso Based kemasan baru 200 gram,sabrishbr,5,positive,0.9950914543587714,Kualitas terbaik
424,Kopi Arabika Toraja Gandangbatu Arabika Espresso Based kemasan baru 200 gram,syahrilyusuf176,5,positive,0.9954529227688907,Pesanan ke dua tidak mengecewakan
357,Kopi Arabika Toraja Benteng Kado Phiter Tulak 200 gram Kopi Terbaik Indonesia 2016 versi AEKI,b*****a,5,positive,0.9954825945314952,alhamdulillah suami suka
43,KOPI TORAJA BLEND ARABIKA ROBUSTA 50 50 BIJI SANGRAI ATAU BUBUK HARUM,masigit2012,5,positive,0.995684799272567,Warrbiasa enakk
54,KOPI TORAJA BLEND ARABIKA ROBUSTA 50 50 BIJI SANGRAI ATAU BUBUK HARUM,harry.hartanto.tan,5,positive,0.9958612390910276,mantap 👍🏻
414,Kopi Arabika Toraja Gandangbatu Arabika Espresso Based kemasan baru 200 gram,evo_23,5,positive,0.9958612390910276,Mantap 👍
427,Kopi Arabika Toraja Gandangbatu Arabika Espresso Based kemasan baru 200 gram,harry.hartanto.tan,5,positive,0.9958612390910276,mantap 👍🏻
3,KOPI TORAJA BLEND ARABIKA ROBUSTA 50 50 BIJI SANGRAI ATAU BUBUK HARUM,kicksology_id,5,positive,0.9959594546817244,"harum kopi nya mantap nanti beli lagi, makasih seller"
14,KOPI TORAJA BLEND ARABIKA ROBUSTA 50 50 BIJI SANGRAI ATAU BUBUK HARUM,hilhamdan_m,5,positive,0.9959724951768294,Mantap packing nya baguss syekali
410,Kopi Arabika Toraja Gandangbatu Arabika Espresso Based kemasan baru 200 gram,fahrulbagenda17,5,positive,0.9961288413032888,"Respon penjual yg sangat cepat, kualitas kopi yg rekomended"
441,Kopi Arabika Toraja Gandangbatu Arabika Espresso Based kemasan baru 200 gram,illadjafar,5,positive,0.9961788030341268,"Topp ,seller keren"
398,Kopi Arabika Toraja Gandangbatu Arabika Espresso Based kemasan baru 200 gram,fikram27,5,positive,0.9961920026107692,Harga jg bersahabat. Rekomended lah!
419,Kopi Arabika Toraja Gandangbatu Arabika Espresso Based kemasan baru 200 gram,a*****r,5,positive,0.9962213661056012,"nikmat, fresh"
430,Kopi Arabika Toraja Gandangbatu Arabika Espresso Based kemasan baru 200 gram,sarmilasandira,5,positive,0.9962613951647654,Wangi banget
57,KOPI TORAJA BLEND ARABIKA ROBUSTA 50 50 BIJI SANGRAI ATAU BUBUK HARUM,a*****n,5,positive,0.99627653718926,"Mantap sesuai pesanan, harga terbaik dan kualitas terbaik"
407,Kopi Arabika Toraja Gandangbatu Arabika Espresso Based kemasan baru 200 gram,d*****n,5,positive,0.9964581830427052,"Ok, enak,"
35,KOPI TORAJA BLEND ARABIKA ROBUSTA 50 50 BIJI SANGRAI ATAU BUBUK HARUM,dzulmadeceng,5,positive,0.9964693997171707,Mantap
26,KOPI TORAJA BLEND ARABIKA ROBUSTA 50 50 BIJI SANGRAI ATAU BUBUK HARUM,s*****s,5,positive,0.9965230830712244,Mantep banget pokoknya ga ada penyesalan beli disini
30,KOPI TORAJA BLEND ARABIKA ROBUSTA 50 50 BIJI SANGRAI ATAU BUBUK HARUM,ervanpratamasulianto,5,positive,0.9966165826190264,Aroma enak
9,KOPI TORAJA BLEND ARABIKA ROBUSTA 50 50 BIJI SANGRAI ATAU BUBUK HARUM,iphul.islam,5,positive,0.996736666013021,"Sangat wangi ketika pertama kali d buka, dan bijinya kelihatn segar, serta pengiriman cepat"
401,Kopi Arabika Toraja Gandangbatu Arabika Espresso Based kemasan baru 200 gram,aninditams17,5,positive,0.9967984592076392,Belum nyobain soalnya alatnya masih otw. Dr aromanya sih enak.
6,KOPI TORAJA BLEND ARABIKA ROBUSTA 50 50 BIJI SANGRAI ATAU BUBUK HARUM,sabrishbr,5,positive,0.9968549463665112,Mantap memiliki aroma yang khas
11,KOPI TORAJA BLEND ARABIKA ROBUSTA 50 50 BIJI SANGRAI ATAU BUBUK HARUM,nurzakiahkia219,5,positive,0.9971188475610688,Biji kopi harum dan rasanya enak cocok di lidah
402,Kopi Arabika Toraja Gandangbatu Arabika Espresso Based kemasan baru 200 gram,suryanadi08,5,positive,0.9971423900278752,Barangnya sudah sampai. Sudah di coba dan rasanya enak. Cocok untuk kopi moka pot. Terima kasih.
411,Kopi Arabika Toraja Gandangbatu Arabika Espresso Based kemasan baru 200 gram,fikram27,5,positive,0.997194585041143,Kopinya nikmat dan mantap
49,KOPI TORAJA BLEND ARABIKA ROBUSTA 50 50 BIJI SANGRAI ATAU BUBUK HARUM,adnananwar85,5,positive,0.997256874688901,Kopinya enak juga untuk kopi susu
19,KOPI TORAJA BLEND ARABIKA ROBUSTA 50 50 BIJI SANGRAI ATAU BUBUK HARUM,s*****0,5,positive,0.9977500265813432,"Begitu dibuka langsung kecium aromanya. Di minum juga masih berasa aromanya. Kemasan juga cantik keren banget. Harga masuk akal. Pokoknya puas deh.
Packing aman kemasan ga bocor atau pecah"
